date,Equal-weight,Minimum-variance,Mean-variance (tangency)
2020-01-03,0.9954432477751864,0.9965705082157713,0.9937449180734306
2020-01-06,0.997656262322283,1.0046567166990912,1.0397360269908316
2020-01-07,0.994230271890677,0.9968514148355626,1.0573541041324324
2020-01-08,0.995369412626822,0.9983422087936427,1.0703672327408869
2020-01-09,0.9996491125174854,1.00180306732672,1.1079481626256344
2020-01-10,0.9964143814733293,0.9959081823734105,1.0966812522618476
2020-01-13,1.0037386764389102,0.9941720118271755,1.189373119507768
2020-01-14,1.003214511446413,0.9967699459213707,1.2122440931474205
2020-01-15,1.0054459745723097,1.001724734629036,1.2332152945317794
2020-01-16,1.0129329179778928,1.000487466563384,1.2728843829363636
2020-01-17,1.0174839759090337,0.9957079458149134,1.288367110704629
2020-01-21,1.0133875867331215,0.9978298515860101,1.2715968680978393
2020-01-22,1.0115345139472405,1.0011234556987822,1.2578854176377765
2020-01-23,1.0111530771278483,0.9958728568687962,1.2943847391818548
2020-01-24,1.0035699659843196,0.9855451423119226,1.2373851981662873
2020-01-27,0.989519301387649,0.9879011976085201,1.253620497664453
2020-01-28,0.9958474182035618,0.985292505134656,1.3420098870797446
2020-01-29,0.9925556842312048,0.9804097866413453,1.3739541414230951
2020-01-30,0.994094667769931,0.979335449141688,1.3383525951669397
2020-01-31,0.9737299924596184,0.9711109623639569,1.3032760698586892
2020-02-03,0.9776636851655968,0.970984608811955,1.3301894625278052
2020-02-04,0.9888489973370816,0.9771332857909409,1.351342887171916
2020-02-05,0.9989126326859394,0.9776135779105579,1.3714945655957895
2020-02-06,1.0018892321544903,0.9879021473487107,1.3753528338517227
2020-02-07,0.9944039628921587,0.987921348828746,1.459207739920028
2020-02-10,0.9991299257245472,0.9876138208939125,1.4749907687857413
2020-02-11,1.008718648534019,0.9822235661262304,1.5526621764216233
2020-02-12,1.016363871232609,0.981810329872054,1.625319428508818
2020-02-13,1.0150064339659222,0.978965817803151,1.65319575500084
2020-02-14,1.0191714159758039,0.9834538438957833,1.698886659915508
2020-02-18,1.01806197202896,0.9847817933708964,1.7838968751193822
2020-02-19,1.021817068609788,0.9790573474232249,1.8401055953065455
2020-02-20,1.0197671557607106,0.9818389041446735,1.7973117084635293
2020-02-21,1.0128891943802725,0.9907124261759817,1.793382060411286
2020-02-24,0.9850472388275786,0.986788080662429,1.7703210629646895
2020-02-25,0.9532142440867177,0.968151677441577,1.6930739611353351
2020-02-26,0.9458587229587998,0.977095315738627,1.7766075531098848
2020-02-27,0.9025108203203914,0.9438889104353675,1.6583103607703795
2020-02-28,0.8956041456647942,0.9349889674853075,1.8064073934854286
2020-03-02,0.9359942010882013,0.9847102394575494,1.7629024159082802
2020-03-03,0.9175475994727612,0.9710334917784066,1.8145153370308233
2020-03-04,0.953721788117561,1.0086762816223585,1.8759679539845644
2020-03-05,0.9244559840514849,1.0043485221953035,1.8106886871549561
2020-03-06,0.9077511164576676,1.012512831849926,1.6081974736620686
2020-03-09,0.8205061797776767,0.9988906277405554,1.4648731947554325
2020-03-10,0.8576972482186532,1.0263202062628969,1.3793850823433127
2020-03-11,0.8144102228076913,1.0186362328552123,1.3826097344904702
2020-03-12,0.735680654117603,0.9547712177185221,1.3233951335917276
2020-03-13,0.8046000354661562,0.9720559845859075,1.292713375010506
2020-03-16,0.7095448340622021,0.9343834465593261,1.1230772785809489
2020-03-17,0.7565435868586222,0.9707649763193805,1.19621275260435
2020-03-18,0.7127332903411957,0.9460194588355064,1.1785936364073042
2020-03-19,0.7187947787304589,0.9490341303091528,1.2559911167177529
2020-03-20,0.6868774970157352,0.8880856276081344,1.1363854748602924
2020-03-23,0.6659427134820435,0.8794131684153266,1.1970615785158985
2020-03-24,0.733531707692437,0.8920082593308999,1.3356270121594844
2020-03-25,0.7470128966975732,0.8801566867623809,1.2870374789623986
2020-03-26,0.7983764357446893,0.9234945770455972,1.3499655336532181
2020-03-27,0.7719821839903317,0.9048401577215657,1.4931329954303414
2020-03-30,0.7933657760539071,0.9291606613451429,1.624900759498173
2020-03-31,0.7814368634773666,0.9267875068881216,1.8138310475445796
2020-04-01,0.7451025200385468,0.9249821732721671,1.7367760230249176
2020-04-02,0.773463566559516,0.9441903381845089,1.809884716563155
2020-04-03,0.7587658521662021,0.9297564482694525,1.7292354443658684
2020-04-06,0.8106653602182284,0.9555117790918202,1.7357232775124705
2020-04-07,0.8113992414534263,0.9482290186920088,1.5051624364622787
2020-04-08,0.8446853281568538,0.9552326749867533,1.5872338999107714
2020-04-09,0.8600499333724411,0.9625646738265674,1.5095970570225477
2020-04-13,0.8466952393418843,0.9689280287922586,1.4904749024389325
2020-04-14,0.8645015243889195,1.0021331192719591,1.502348415020648
2020-04-15,0.8376389891381798,0.987687106435815,1.4226409133554083
2020-04-16,0.8367911929583884,1.0049622510872558,1.5561310133762125
2020-04-17,0.8683946254178483,1.0129088336957706,1.5586931328404314
2020-04-20,0.849994797253013,1.00650310986516,1.576067492705139
2020-04-21,0.827777346675631,0.9860381049382617,1.5623279090988273
2020-04-22,0.8467711563510313,0.9945075396515469,1.5584113028300675
2020-04-23,0.847473529236519,0.9837966806847237,1.6047976704037439
2020-04-24,0.8537164306573147,0.9937491774636136,1.6539229913872515
2020-04-27,0.8710714187719578,1.0002453105340114,1.6283362948336348
2020-04-28,0.8707688987886065,0.9919185929021701,1.522796619478301
2020-04-29,0.8890448751956856,0.9858162171407439,1.5078798937671198
2020-04-30,0.8756059865048831,0.9728511398597072,1.505194396632442
2020-05-01,0.8496899568832584,0.969858032755262,1.501755317189323
2020-05-04,0.8518212780861132,0.9687827113079709,1.5288908070728373
2020-05-05,0.8571615184578196,0.98315833449528,1.577406827068221
2020-05-06,0.8435827566768003,0.9715911588064657,1.4762428203163263
2020-05-07,0.8574917998468775,0.9708759255983381,1.562383330196919
2020-05-08,0.8773749352803275,0.9803426582854852,1.6704696715477387
2020-05-11,0.8741046472697177,0.9849621655400592,1.7750347243696667
2020-05-12,0.8553272044812293,0.9759733127444673,1.7723679570431676
2020-05-13,0.837546408515277,0.972454154038749,1.7192980914674543
2020-05-14,0.8494561323224532,0.9751214271839032,1.7323081565641214
2020-05-15,0.8487558094158997,0.9857814795597222,1.7938561996742879
2020-05-18,0.8871032974965198,0.9973279605734932,1.8282238658199716
2020-05-19,0.8737038088393124,0.9957025304060265,1.8894345847773555
2020-05-20,0.8897881838476802,0.9948222235051009,1.8948007353062044
2020-05-21,0.8807741843338143,0.9885756070239657,1.8079588580466586
2020-05-22,0.8848840507230906,0.9859236955511699,1.755107945262984
2020-05-26,0.9001306615506381,0.9824434880422711,1.642251775116103
2020-05-27,0.9172000122275494,0.9875557036342484,1.667728765260806
2020-05-28,0.9146146958075775,0.9936473424104073,1.623738103694568
2020-05-29,0.9175719691101015,1.004139007149155,1.6129560836247347
2020-06-01,0.9238733130035099,0.998720977101204,1.6372845450901805
2020-06-02,0.9339198963657522,0.9932097229804178,1.6768158969024676
2020-06-03,0.9493262430973118,0.9933218751190456,1.6244022191484666
2020-06-04,0.9503894071670219,0.9933859806170438,1.6557712823131379
2020-06-05,0.9802404988661848,0.9998827100576492,1.7289665774981926
2020-06-08,1.0043781402338683,1.0031030171273059,1.7081921159302598
2020-06-09,0.9930408575890203,1.0062804565412207,1.8009288629475395
2020-06-10,0.9798412748092806,1.0062340023143252,1.867324117520968
2020-06-11,0.914592632082908,0.9733129126051896,1.8278334642694214
2020-06-12,0.9326041906369618,0.9634949692300778,1.7882895497267812
2020-06-15,0.9443379116278635,0.9751569414005427,1.856940227541482
2020-06-16,0.9579471031336974,0.9821922356981467,1.9139337138276091
2020-06-17,0.9513499617676993,0.9821778801397995,1.8898758396432909
2020-06-18,0.9527075913283449,0.9859267484619884,1.9074151619960817
2020-06-19,0.9473188974637817,0.9966037615351391,1.8436829688636425
2020-06-22,0.9494803369969153,0.9912972604701349,1.849157770028064
2020-06-23,0.9503619952840592,1.001908757623705,1.772215520868923
2020-06-24,0.924724375769525,0.9955610125062172,1.8302967068843237
2020-06-25,0.9348598600353525,0.9989694116903723,1.9442560610843849
2020-06-26,0.9118463511395948,0.9849282890206037,1.9012437631626569
2020-06-29,0.9267720306421924,0.9906774159688714,1.8198444968915397
2020-06-30,0.9384174295902911,1.0017615724809048,1.907207657029876
2020-07-01,0.9414001269989438,1.011945550114577,1.923813282709649
2020-07-02,0.9463767060876077,1.0098127625686273,1.9167907816131389
2020-07-06,0.9544666265602046,1.0154310732261758,2.1690940415720363
2020-07-07,0.9434097870794904,1.027979253904203,2.261985975324385
2020-07-08,0.9461999499200566,1.0218776974759738,2.3219891246514153
2020-07-09,0.934858559234619,1.0225752360918472,2.268976160327775
2020-07-10,0.9498061876310094,1.0313366187904978,2.3431048704161475
2020-07-13,0.9404988861608157,1.0278873553369259,2.3828961590482405
2020-07-14,0.9559841655492594,1.0516427321824833,2.548354165644872
2020-07-15,0.9665218011195958,1.060256968345476,2.334048538084645
2020-07-16,0.9636891402156152,1.0515858773186395,2.2909802348923582
2020-07-17,0.9661059651763719,1.0555322512449294,2.302051101056147
2020-07-20,0.9628566320994769,1.0496053916202097,2.3023238429848187
2020-07-21,0.9741694298268994,1.0398626396013886,2.2262458202094493
2020-07-22,0.9793026510950121,1.044105836777936,2.107288775941873
2020-07-23,0.9722057480477314,1.0374537437967746,2.070843173839919
2020-07-24,0.9693161083713006,1.0393470362779964,2.1366062225578895
2020-07-27,0.9741995552353687,1.043263786497549,2.2126492275337117
2020-07-28,0.9711601067834195,1.0434849989082835,2.361719574685323
2020-07-29,0.9818926577807647,1.04002667937114,2.416567289897822
2020-07-30,0.9739747462782657,1.047745051760451,2.462186693175748
2020-07-31,0.9703747193350942,1.0578041562916893,2.462898673094653
2020-08-03,0.9708283851778139,1.059018425852646,2.5636881484442795
2020-08-04,0.9832133413588208,1.0743353342311674,2.5473446328284743
2020-08-05,0.9892644469229632,1.0758789464890919,2.2226588114016215
2020-08-06,0.9898591301100996,1.0741111878737442,2.1594497052642945
2020-08-07,0.9967131461341677,1.081666334304581,2.320622521001316
2020-08-10,1.0042325260106801,1.0825634722836917,2.4035835214449097
2020-08-11,0.9943041161336533,1.0722174345479787,2.287345406944354
2020-08-12,1.007816763428452,1.0817643535668793,2.4103863198119577
2020-08-13,1.0032608638144085,1.081360181532123,2.3386564653572544
2020-08-14,1.004741715976006,1.083682297004303,2.365176842807832
2020-08-17,1.0051742237175376,1.0940354451651302,2.5718954078600174
2020-08-18,1.0023143178041307,1.0961911165592322,2.517827530337603
2020-08-19,0.994156941103403,1.0786596130422506,2.5121286018579703
2020-08-20,0.9920271108205598,1.0833548278554872,2.482401501791028
2020-08-21,0.9919910986996852,1.0810961762152909,2.566772113482983
2020-08-24,1.0059681896229042,1.085577691018072,2.470846496308543
2020-08-25,1.0052570968792658,1.0802138161114863,2.378108013539006
2020-08-26,1.004564621784011,1.0845292776436994,2.2807844488478715
2020-08-27,1.0088475098546656,1.0904786352989355,2.283287338524406
2020-08-28,1.0187703880844379,1.1048366266081182,2.3208431514684724
2020-08-31,1.0129618259880133,1.1031611376864519,2.4556749478349365
2020-09-01,1.0155462985400718,1.1044650782558367,2.3842236022659806
2020-09-02,1.0343315139338258,1.1168321312487852,2.376419165434877
2020-09-03,1.0114029208631572,1.0979660135164269,2.194343159638666
2020-09-04,1.0081954813539438,1.0958393583845891,2.230455202801273
2020-09-08,0.9838846120038396,1.079688900393904,2.0614300026364822
2020-09-09,0.9999184516817154,1.0924003597330678,2.176746806660818
2020-09-10,0.98308028411427,1.0781877088940157,2.0544411035287884
2020-09-11,0.9884937450250372,1.0829571973934355,2.03736832344759
2020-09-14,1.0021306837049087,1.0899737909568634,2.195897045705784
2020-09-15,1.0082852031259297,1.082144119999029,2.079586560298969
2020-09-16,1.0143069401238047,1.0859074447352257,2.131116166849136
2020-09-17,1.0113227612048572,1.0831839487768058,2.2702730565433575
2020-09-18,0.9991292405671007,1.079677847171044,2.351531035144213
2020-09-21,0.9816425502286183,1.0730081763680401,2.4198017523057933
2020-09-22,0.9852314203240992,1.0753534041809825,2.37926534636526
2020-09-23,0.9621444326280577,1.0602969114432743,2.272695688517533
2020-09-24,0.9661007984940753,1.0655178617341883,2.4052260137298536
2020-09-25,0.9766027299781981,1.0675263546216407,2.5063310242422734
2020-09-28,0.9917733710327469,1.0709898210794195,2.4593451787993557
2020-09-29,0.9835566178529069,1.0661037908097768,2.4422303528435614
2020-09-30,0.9923874499678318,1.073474600759938,2.750568585565976
2020-10-01,0.9935462863057608,1.0775952260012454,2.7672389742439
2020-10-02,0.9932447924815003,1.0641636091981665,2.7835288024927647
2020-10-05,1.0109890300960165,1.0711097074308544,2.923723389523351
2020-10-06,0.9975212754433418,1.0527533552456858,2.79476864604923
2020-10-07,1.012336942090584,1.0565469556618605,2.821370263219413
2020-10-08,1.0243267921768384,1.0689242382437778,2.984807471902323
2020-10-09,1.025791765845545,1.0809166099388015,3.0258537361611335
2020-10-12,1.0347783473273058,1.0885381828666167,3.314147431636385
2020-10-13,1.0269544496735272,1.0930987678040975,3.3789845300365555
2020-10-14,1.0218938629156678,1.090465974663112,3.4074631477677344
2020-10-15,1.0216774341616213,1.0801608160004428,3.304139766329424
2020-10-16,1.0221204551633392,1.0875329444420505,3.3401527734287337
2020-10-19,1.0087050403436502,1.0698124928943618,3.2488266481507924
2020-10-20,1.0126486154864782,1.0695740456295688,3.3032931780597177
2020-10-21,1.0046484883467546,1.070183301327795,3.2275847492336673
2020-10-22,1.0170518936473485,1.080852302873345,3.5033464476042275
2020-10-23,1.0162662157357933,1.080764489497887,3.6868641690186394
2020-10-26,0.9992554681924269,1.0766104644455283,3.459978103051767
2020-10-27,0.9899870723841825,1.0727791732115057,3.5425723368164004
2020-10-28,0.9606002123839615,1.0479801514651388,3.507250082525553
2020-10-29,0.972126852409755,1.047651442040204,3.5706563534748192
2020-10-30,0.9662913449470281,1.0515279267375894,3.620735983204265
2020-11-02,0.9845138209475875,1.0633271416935364,3.8563290078598755
2020-11-03,0.9990289578055872,1.0696250571240944,4.079673570374254
2020-11-04,1.005741358946516,1.0807311592834947,4.405604025445455
2020-11-05,1.0231664939742522,1.0818281005775174,4.342415664694775
2020-11-06,1.0215358518877304,1.0831155315075367,4.427349025644176
2020-11-09,1.0548513697501454,1.0797309201177698,3.978415094577696
2020-11-10,1.0648077953325241,1.1046379184981021,4.146846521813666
2020-11-11,1.0680689032817787,1.1043904178994817,4.344270801357798
2020-11-12,1.054285754366119,1.093532882205365,4.449899236184739
2020-11-13,1.0718121260687767,1.1058171096815679,4.568146884530347
2020-11-16,1.093005528205304,1.1030184947145214,4.230431292424769
2020-11-17,1.0921729839078573,1.0974769154956292,4.269860550451671
2020-11-18,1.079411394496877,1.0793625348596407,4.436344300383177
2020-11-19,1.0836589421620486,1.0891818164175797,4.461672182970411
2020-11-20,1.0784526884877377,1.0902213238963643,4.524812848961134
2020-11-23,1.0946727877915459,1.088774550313833,4.454234741316224
2020-11-24,1.1151822374183116,1.0950843491609112,4.5859506721228405
2020-11-25,1.1132193158884511,1.100231139039715,4.608056149560875
2020-11-27,1.112920175728571,1.0970970590194713,4.658722440332102
2020-11-30,1.1028554931373866,1.1110399665508943,4.688364484275161
2020-12-01,1.110387705889062,1.1065191526794302,4.4822963474138575
2020-12-02,1.1180095071798641,1.1140599207167974,4.585862012748133
2020-12-03,1.119995238761598,1.1090504767433378,4.496557009239316
2020-12-04,1.135799162890227,1.1151465140514318,4.994235142943102
2020-12-07,1.1307363628907976,1.1181803009013762,5.150270823643668
2020-12-08,1.1350980805113617,1.1316784340657404,5.063501339540908
2020-12-09,1.1336100123678263,1.1427627488628969,5.13470746056528
2020-12-10,1.1361834604906766,1.1284458597531637,5.149500889808413
2020-12-11,1.1354664121960092,1.1437384462697506,4.553029791203159
2020-12-14,1.1262171560177912,1.1383335063978848,4.546490002429717
2020-12-15,1.140889598523055,1.1428090583082875,4.529090185951671
2020-12-16,1.1386371698306668,1.1457402931331009,4.561711605857599
2020-12-17,1.1426745097646602,1.1515546611578868,4.6575967412590416
2020-12-18,1.1349790842258072,1.1576195159516893,4.584421347629099
2020-12-21,1.1298130023783117,1.1483814944697546,4.92026098967749
2020-12-22,1.1219357021048404,1.1415093250531099,4.906331691449933
2020-12-23,1.1258697068452665,1.142820346471574,4.72342387097164
2020-12-24,1.1280094128549423,1.1461640313952424,4.694386095485269
2020-12-28,1.129566544024072,1.150417306951023,4.574121396144479
2020-12-29,1.1292573301584423,1.1452905473480837,4.436374416462024
2020-12-30,1.137092274338279,1.1451899033249218,4.602954239626163
2020-12-31,1.1457728704432892,1.1575925483030185,4.630806065608935
2021-01-04,1.130074562787117,1.1586408471482814,4.694006360108039
2021-01-05,1.1443975895497842,1.1520196811002295,4.92239422354027
2021-01-06,1.1595773720862206,1.1461041789823723,4.945507534290353
2021-01-07,1.170801845436623,1.1450217488635674,5.5104847495050615
2021-01-08,1.1741570934943073,1.145525520395306,5.692143854847046
2021-01-11,1.174053689615149,1.1530435027230697,6.106213804463894
2021-01-12,1.177590929729924,1.149110696721164,6.207462559390778
2021-01-13,1.177693488076173,1.1406603318575812,6.255265492124524
2021-01-14,1.1813309690600091,1.143678681088965,6.104186540833584
2021-01-15,1.168530715865416,1.1400655406042381,5.998102601676213
2021-01-19,1.1770420559580637,1.1401743001945195,6.015873773291758
2021-01-20,1.1864256966444349,1.1551195618232202,5.877623733051088
2021-01-21,1.17769968623253,1.147331509985348,5.59371103857573
2021-01-22,1.1744011412242454,1.1485530808199713,5.671872930257675
2021-01-25,1.1766706250856702,1.1486714746140725,5.555699741709963
2021-01-26,1.1707411221350719,1.1540194183590922,5.16306858078123
2021-01-27,1.1405175287573235,1.1401190234370704,4.624201200136113
2021-01-28,1.152656301984328,1.1417583962327116,4.518390438396287
2021-01-29,1.1356041546331814,1.1295239850479164,4.769641821630906
2021-02-01,1.1452768742593553,1.1258164153930654,4.760877935160268
2021-02-02,1.1652893160431708,1.1349042092073809,5.037353531117854
2021-02-03,1.1675066106201597,1.1265294603752467,5.173216394911066
2021-02-04,1.1781761433284212,1.1302146438653393,5.308889293424553
2021-02-05,1.1856186840158203,1.1473183793100774,5.282156002462526
2021-02-08,1.201075591804508,1.1489673917729901,5.626139567170757
2021-02-09,1.1977800004162809,1.14756306864187,5.624930162538097
2021-02-10,1.1995236118945884,1.1359384217915098,5.708286431638072
2021-02-11,1.198287642489067,1.1309378198508964,5.690624323225635
2021-02-12,1.2036411476246232,1.1357290053777938,5.741753194629235
2021-02-16,1.2043104070073576,1.1262283775283228,6.016244598797007
2021-02-17,1.2072850918633777,1.1366546818929062,5.69747603872298
2021-02-18,1.200138741879012,1.1291817125844985,5.5816039700369275
2021-02-19,1.201465926815528,1.1165945509385224,5.84824284062128
2021-02-22,1.204039369160228,1.1244359085796047,6.279949513434635
2021-02-23,1.2043373331900575,1.1229127242065062,6.15705776015282
2021-02-24,1.2218922786517992,1.1162109828869884,6.207629815097919
2021-02-25,1.1994523493739553,1.1123337651323588,5.984945877908052
2021-02-26,1.1839454554360136,1.0940714964458382,6.157949606672134
2021-03-01,1.20758094511742,1.1043064261420623,6.234478123176925
2021-03-02,1.2042101741132094,1.1066463769872255,6.215104676973272
2021-03-03,1.1957360442243226,1.1022119407221829,6.169401462129508
2021-03-04,1.1862906649856466,1.1045591248998095,6.396788161222113
2021-03-05,1.2071465671297836,1.1212802737184229,6.6526295101282
2021-03-08,1.20934412701964,1.1214758281195976,6.1927157977866845
2021-03-09,1.218194862578665,1.1155227679136657,6.264328846109926
2021-03-10,1.230159065899591,1.1235233581349344,6.074774567802036
2021-03-11,1.236674530491758,1.1106053018180198,5.81482307261411
2021-03-12,1.2454331448098488,1.1169271614559546,5.991874801326086
2021-03-15,1.2527089403484177,1.1311361145774257,6.163395645813433
2021-03-16,1.2524484771976616,1.1360663346954134,6.228314080070035
2021-03-17,1.2551770028851053,1.1250745110143865,6.0242725177361285
2021-03-18,1.2382632249171117,1.1156911045013118,5.652270883261214
2021-03-19,1.2324600878719472,1.1146113357436747,5.735363222102067
2021-03-22,1.2396984767452974,1.1227200619289281,5.722107753028885
2021-03-23,1.2296556998926405,1.1247257465277871,5.70067983359334
2021-03-24,1.2255911643538355,1.1192256904250686,5.61911392851053
2021-03-25,1.2343208125305176,1.118081218804673,5.711143644375463
2021-03-26,1.2585567543961262,1.1311581613296706,5.867532734257195
2021-03-29,1.2599440500984809,1.147274989281899,5.9937799988650555
2021-03-30,1.25575231191763,1.1383116302175362,6.3214784682075305
2021-03-31,1.2546038653594522,1.1336529480468516,6.483083993228887
2021-04-01,1.2695577841925723,1.1467099357373776,6.682663690047884
2021-04-05,1.2761644289321823,1.156644269127356,6.394095676947121
2021-04-06,1.2765623132928687,1.1560250770176845,6.48012409146519
2021-04-07,1.2753057573820596,1.1551099600805452,6.4888572814455765
2021-04-08,1.273700164325909,1.1539957397333327,6.732391761022343
2021-04-09,1.2769738952707281,1.157641481028078,6.7262648148248445
2021-04-12,1.276453745494056,1.160312379518845,7.386781180216343
2021-04-13,1.2786650381486284,1.162350302574343,7.623676235961512
2021-04-14,1.2829589376608421,1.1584131028849751,7.500764354973539
2021-04-15,1.2950821220176814,1.168758107792873,7.815806269425237
2021-04-16,1.2987620251009246,1.1742477771407545,7.6240703426560446
2021-04-19,1.294178242475283,1.1746054568283824,7.550475913429058
2021-04-20,1.2828578074411603,1.1846552218830835,7.6133689353984675
2021-04-21,1.2966460927358177,1.1918267220313798,7.851041057225725
2021-04-22,1.284161586121697,1.1946540943568889,7.565844558245198
2021-04-23,1.2955344095922876,1.194284010775989,8.067023269593644
2021-04-26,1.2968701369234195,1.1822754594931129,8.268681929482264
2021-04-27,1.298201148230807,1.1848842902188137,8.626407418123902
2021-04-28,1.2988727271112992,1.1871190926178743,8.915058639874232
2021-04-29,1.3103741130814868,1.1852157727865626,8.43943730213368
2021-04-30,1.3015557571767686,1.182895987715046,8.644676430339914
2021-05-03,1.3112362667788628,1.2002986141104854,8.968753100821317
2021-05-04,1.308201754509052,1.1922259740888088,9.167324005295358
2021-05-05,1.3160409723358302,1.2004222243178027,10.042664270520934
2021-05-06,1.326635302633615,1.2087959662571408,10.620420588648955
2021-05-07,1.3394196351832357,1.2075602166592974,10.96576899633515
2021-05-10,1.333623801355826,1.2159238091384243,10.997201228799966
2021-05-11,1.3212725985995022,1.2037767301871505,11.12523606376612
2021-05-12,1.300215751240635,1.1968513184047436,10.899086890995392
2021-05-13,1.3112610302386183,1.208017288845427,11.427402277245315
2021-05-14,1.3296053610943104,1.206735882490263,12.317867732761227
2021-05-17,1.333740286776567,1.212477427261131,12.783396131766631
2021-05-18,1.3222083134897487,1.2119454819905444,12.523712372806
2021-05-19,1.3151275378731806,1.2158284163477582,12.260799421133092
2021-05-20,1.3264319911760418,1.225584806733211,12.343997080222682
2021-05-21,1.3295818423987362,1.2133543584431872,12.592912145253576
2021-05-24,1.3377721783943615,1.2156790480907576,13.096262018058546
2021-05-25,1.3304381569858716,1.210289772517025,12.408902927595763
2021-05-26,1.3353777448131134,1.2159477036868203,12.839655930357738
2021-05-27,1.3387071943346045,1.212702578989605,12.958015057344182
2021-05-28,1.342638725793062,1.211663717538282,13.676664759080204
2021-06-01,1.350903832468233,1.2008787102970586,14.593811628458312
2021-06-02,1.3562101467684664,1.1961770815577275,14.2534095853609
2021-06-03,1.35829280087409,1.1971653795907247,15.168314104688156
2021-06-04,1.3672986468021857,1.2056732206560532,15.356725024908988
2021-06-07,1.3646747675233328,1.2002287900912172,15.63251762101062
2021-06-08,1.3610916060210996,1.1920955039658259,15.783718472270248
2021-06-09,1.3575235122881508,1.1985105836791423,15.391035686480357
2021-06-10,1.3624084054051386,1.2054001171909992,14.615486459109098
2021-06-11,1.3621453970885151,1.2051326944092817,14.714480114204685
2021-06-14,1.3600724484510995,1.2035340549427858,14.095323796548083
2021-06-15,1.358042632798525,1.1986023545361777,14.588505728565938
2021-06-16,1.3472557630078918,1.187337207045956,14.999509464189208
2021-06-17,1.3356303033784906,1.1778099797791661,14.788885386545376
2021-06-18,1.315495088426629,1.1720602793078863,14.766450104941951
2021-06-21,1.3378346114911066,1.1815683910421928,15.251878423077235
2021-06-22,1.3396873899732487,1.182942092718011,15.332333311387693
2021-06-23,1.3351201022794754,1.1766365915426165,15.794492926589143
2021-06-24,1.3458622715284045,1.1832040650499502,15.81151853357669
2021-06-25,1.3563546804347288,1.1892262669518434,14.610722683749161
2021-06-28,1.3540663585551427,1.1930024571539228,14.770943274230463
2021-06-29,1.3535042528930825,1.1937768133029214,15.425071546724281
2021-06-30,1.3594551529376055,1.2087056839835462,16.00676955351458
2021-07-01,1.3684118474044398,1.2025111862995483,16.207950527241977
2021-07-02,1.3735940625709486,1.2095015365631054,16.204222067046324
2021-07-06,1.3616577193993953,1.2066682956914017,15.988655013507787
2021-07-07,1.3617884734612857,1.209740431618757,16.040863296502607
2021-07-08,1.3523614619602469,1.1997040293481172,15.160772168555795
2021-07-09,1.368747624350705,1.2070841896146112,15.500553022814383
2021-07-12,1.374632810868787,1.2038441520410847,16.033794097025847
2021-07-13,1.3680810517433064,1.2112736351303308,16.01422382097968
2021-07-14,1.3661945735829184,1.2189526886777704,14.95169835651663
2021-07-15,1.3644830987878114,1.2196177833309922,14.543103536907495
2021-07-16,1.3515773388871244,1.2175429929263195,14.2521838196539
2021-07-19,1.3282419787332667,1.2009706054602551,15.062015992804955
2021-07-20,1.3433381212674298,1.2063095475756973,15.083723173542625
2021-07-21,1.3571917059707572,1.2031700862137542,16.4113527342211
2021-07-22,1.3554404955468198,1.203561611238383,17.082492162018724
2021-07-23,1.3624514504964442,1.2162008964965807,17.015026017852133
2021-07-26,1.370203041811149,1.215024112680906,16.600225717770847
2021-07-27,1.3673702644022996,1.2056774457760406,16.347870762283012
2021-07-28,1.3707211564546247,1.2083624095421652,17.089608200595176
2021-07-29,1.3793980698828847,1.2033846051394463,17.513682557683623
2021-07-30,1.3718432053678815,1.1972933577643745,16.817446516594167
2021-08-02,1.368283800245523,1.1916062964562222,16.9389708561048
2021-08-03,1.3772541834025125,1.188670902304665,17.47490578314858
2021-08-04,1.3662427815594138,1.1766483069198033,17.64508628345278
2021-08-05,1.3728805480401698,1.1772864265544454,17.698997967445887
2021-08-06,1.3775293402939897,1.1717491650951994,17.47780575196607
2021-08-09,1.3740646675795039,1.1695219058284434,18.199536798694268
2021-08-10,1.3826184976525948,1.1746015136939079,19.656707082590675
2021-08-11,1.3944450696224655,1.1784024997654887,19.78227802947796
2021-08-12,1.3969586329042807,1.180532869083992,20.58944604520897
2021-08-13,1.3985471930345215,1.1844846980898125,20.37573508555921
2021-08-16,1.3967196275379352,1.1957012106954996,20.377220287288306
2021-08-17,1.389250071788771,1.2045184205019261,20.2853584920591
2021-08-18,1.3714374888311565,1.1864638918309942,20.161140782679855
2021-08-19,1.3651013278275725,1.1880486793314835,20.22876045720147
2021-08-20,1.3723650812574628,1.1880230628474642,21.298565718237516
2021-08-23,1.386466456049948,1.1899276492208792,22.738982189949862
2021-08-24,1.389424348306812,1.1850747540599709,22.76152915042729
2021-08-25,1.3898373696110935,1.1808753130064569,23.13308031166632
2021-08-26,1.3800321160696063,1.173142437865075,22.885986014271023
2021-08-27,1.3955906791478254,1.17252586964138,23.210419794396934
2021-08-30,1.3943964803799618,1.1775977387547347,23.20149661450582
2021-08-31,1.3939062903021002,1.1873190110948697,23.738435586598957
2021-09-01,1.3910452276695033,1.172535969612197,22.534982098237023
2021-09-02,1.4006770114938987,1.1788783284076094,22.930501476489567
2021-09-03,1.3958111142121117,1.1808409743684825,23.028726557227444
2021-09-07,1.3818403050161494,1.1569731085794348,23.21641269578379
2021-09-08,1.3791151170030778,1.1641706761562203,22.52465341741761
2021-09-09,1.3705066027892268,1.144005125550626,21.49773716083428
2021-09-10,1.3654189095320557,1.1417049205459,22.200985364758576
2021-09-13,1.3729844911691118,1.1433500669071943,21.80910923340185
2021-09-14,1.3598112229814583,1.138059522841494,20.8451866273475
2021-09-15,1.3716384556518615,1.1376956042408437,22.053381796117257
2021-09-16,1.3649945884488994,1.1285732518318075,22.045728811251177
2021-09-17,1.3492952477369893,1.1238358993992479,20.83066313753357
2021-09-20,1.326212843997985,1.1139748250489439,18.826437679863655
2021-09-21,1.3234159865269821,1.108739319242671,19.65408074101411
2021-09-22,1.3352021682981534,1.102315383851324,19.884136668053234
2021-09-23,1.3505024032174744,1.1095323545634714,21.105121750713497
2021-09-24,1.3473363722927623,1.1117974932274768,21.196571840903722
2021-09-27,1.3517684103563927,1.109732346772778,21.080891232910517
2021-09-28,1.3366932456748337,1.1137051053032392,21.272215342891833
2021-09-29,1.341932674343644,1.125752894087978,20.548784994536533
2021-09-30,1.328362007962602,1.12019618947095,21.194152166120475
2021-10-01,1.34475687792929,1.1334971620979042,20.218428894129254
2021-10-04,1.3410653799149486,1.1360721945477323,19.40772860132887
2021-10-05,1.3487009742350424,1.1344710877645492,20.077334264318008
2021-10-06,1.350180705960172,1.1345834809068027,20.073771372287087
2021-10-07,1.3610411094322241,1.1472734782613216,20.39282629073705
2021-10-08,1.359897107904775,1.1499844008694668,21.11571490204996
2021-10-11,1.3476936544320086,1.14587222155627,20.916952703984236
2021-10-12,1.3466616572791623,1.1379065360927978,21.194857348728465
2021-10-13,1.351071856852334,1.1391843732241094,21.579450995844205
2021-10-14,1.368343853481138,1.151036756960781,23.224400870728243
2021-10-15,1.374894084458621,1.1499710254900717,22.675119059370992
2021-10-18,1.375270289791546,1.1415485234653502,23.458976251932945
2021-10-19,1.3887559865780987,1.1512357325584803,21.60892339053743
2021-10-20,1.4010582642829907,1.1598089045565354,21.650582797886397
2021-10-21,1.4021199250838292,1.1618680469612774,20.727811944561022
2021-10-22,1.4038278860171043,1.1759517528341126,22.60274882745189
2021-10-25,1.4124722902941405,1.1845727088587108,23.756498214691156
2021-10-26,1.4195841437548733,1.1876669508934476,27.116987738403992
2021-10-27,1.3968401769967413,1.1820360823189349,27.497350465220922
2021-10-28,1.4082631830671384,1.1935618093792493,28.277106873789208
2021-10-29,1.4040889672755483,1.1993218238351875,30.47223433368509
2021-11-01,1.4145651218036008,1.2015569195710891,29.59031910565236
2021-11-02,1.4209873376881494,1.208584924608834,29.836474070330567
2021-11-03,1.4281008116449683,1.2084947659022052,29.618050358726627
2021-11-04,1.4346226703461225,1.211611556527087,32.58449163201901
2021-11-05,1.4408167227737017,1.1898829747962854,30.111189626526482
2021-11-08,1.446210185604053,1.1835495577214115,32.570535255830706
2021-11-09,1.4451768412569164,1.186915009580761,33.40230466162682
2021-11-10,1.4348765695599774,1.1967836329881272,31.112401973163912
2021-11-11,1.4364060893350126,1.2010560258004588,34.400067326861446
2021-11-12,1.4395060498264538,1.2018743214126775,33.65680794975971
2021-11-15,1.438272278416813,1.188061689263415,31.792404014270907
2021-11-16,1.4382092553702568,1.1774787034760266,31.063299687633233
2021-11-17,1.4289896171946186,1.1734555063054641,28.86808137696148
2021-11-18,1.4271387192374103,1.1655158868324467,32.00075600112222
2021-11-19,1.4155674614280116,1.1498469284724282,34.5948578714962
2021-11-22,1.4185812756654208,1.1468894506122995,36.36295378270182
2021-11-23,1.4293824037018472,1.1559015457281625,38.78060242652745
2021-11-24,1.4316598749402603,1.1493959835479968,38.328692797323725
2021-11-26,1.4002963871553313,1.137301359080349,36.732469977769355
2021-11-29,1.4102388273506068,1.1195256551873893,37.78654772507005
2021-11-30,1.3781747176181924,1.1013222619779353,37.4495472043979
2021-12-01,1.360068292297484,1.0836658345710497,38.12594397356576
2021-12-02,1.389328836930971,1.0870872392900528,38.820229232272176
2021-12-03,1.3880573884762788,1.1024877430173883,39.77404758900115
2021-12-06,1.4068689388542348,1.112807319441996,38.58410616677361
2021-12-07,1.4279046364294634,1.1035900967372476,40.102072250008185
2021-12-08,1.427080871167261,1.108927561922736,38.5746577663902
2021-12-09,1.4173484176890874,1.114497727587719,37.967865036329364
2021-12-10,1.4250423850832687,1.1241535142062131,37.89924588318525
2021-12-13,1.4164377612620629,1.1366033297089801,38.33640155486461
2021-12-14,1.413697657287443,1.1406479970942505,40.64736719993273
2021-12-15,1.4259374131158689,1.1515239668910462,40.89051210243495
2021-12-16,1.4327874062025479,1.1708271906332417,41.547281595586185
2021-12-17,1.4149673748314844,1.1554615308517768,41.224200423088654
2021-12-20,1.4034614174263296,1.1616197570567106,39.750303176106165
2021-12-21,1.4239837534720214,1.1651442964548406,39.836759656246024
2021-12-22,1.4324396341131194,1.1708098520492027,41.500425633238045
2021-12-23,1.4396028949976933,1.1752372194832252,40.90018718998034
2021-12-27,1.4578042606641042,1.1821754035695808,42.475259968697664
2021-12-28,1.4604025492618529,1.1888184587274417,40.481028152202406
2021-12-29,1.460958160112784,1.190553009694066,39.86454579784703
2021-12-30,1.4587335956108662,1.193503748971785,39.202045117903516
2021-12-31,1.4571234761232108,1.1926207702171705,39.429075109503806
2022-01-03,1.4686253277557957,1.1966146760473215,37.06487066089026
2022-01-04,1.4807963058853428,1.2053596797365231,39.51317014215559
2022-01-05,1.4662681769483268,1.21679150433059,39.78414145860144
2022-01-06,1.467142625463799,1.2097469376469103,40.26865570563956
2022-01-07,1.4691864616140173,1.2190942791695176,34.98109201233381
2022-01-10,1.459600127495997,1.2138845998771917,35.80352627901941
2022-01-11,1.4743547448334589,1.2201125772496486,36.9349208398751
2022-01-12,1.4784959962108917,1.227205230092276,36.82892396004643
2022-01-13,1.4710686577586227,1.2282134781175853,35.169738187354156
2022-01-14,1.473727176626982,1.2269989251525482,35.219477340412546
2022-01-18,1.4578669678244918,1.2307989530794914,32.282977316839684
2022-01-19,1.4479761855111235,1.2376949765240786,31.28807427695084
2022-01-20,1.4308002037711693,1.2210986702427693,31.291823023652558
2022-01-21,1.4122985827697039,1.2195014797312653,30.927856948247754
2022-01-24,1.415557399315797,1.2148440181805484,32.44581079365419
2022-01-25,1.4107594556209027,1.2050153671035642,31.281848938281534
2022-01-26,1.398276433579871,1.1867979708177507,33.76481553183058
2022-01-27,1.3935058174894241,1.189297424947658,34.89237855445542
2022-01-28,1.4170369186239429,1.1947327019688694,37.36708282535307
2022-01-31,1.4369060976933383,1.1993071175134449,36.262706020802156
2022-02-01,1.4526405908057765,1.21014406923495,38.6052163799818
2022-02-02,1.4671549440904776,1.2183863197691382,40.68643836352757
2022-02-03,1.4531966834900203,1.2161993148613157,44.95352471639972
2022-02-04,1.451794212888404,1.2097775792579812,46.17263037242705
2022-02-07,1.4551720256401717,1.2155804415208606,46.43634631453513
2022-02-08,1.4610292690637192,1.2080913808666816,47.4642286892264
2022-02-09,1.4794481630839522,1.1979983032535717,48.96711774966684
2022-02-10,1.4544127654229897,1.194456288809799,46.091763228562584
2022-02-11,1.4395678621057026,1.1975205114218184,43.96518270592919
2022-02-14,1.4304395492558013,1.195300937727955,44.0616049119097
2022-02-15,1.4454164539612124,1.199902235240566,46.735907595403184
2022-02-16,1.4447629723476925,1.1985379908472211,46.44676559395439
2022-02-17,1.4227507757209723,1.2056318590322581,43.91061836201276
2022-02-18,1.4107868410550937,1.2004410729986639,43.140857121859675
2022-02-22,1.4014246294453574,1.1960908374603194,43.844789924727905
2022-02-23,1.3853856615819584,1.197320088429545,44.47589225168848
2022-02-24,1.394593159139753,1.1819268353825854,43.063311979396495
2022-02-25,1.430054206653295,1.205894925887676,45.432663767023925
2022-02-28,1.4269143819542776,1.1930431537812203,44.433493902588175
2022-03-01,1.4085125641857725,1.1949462728218965,45.82402946595979
2022-03-02,1.4363738151268204,1.2030025018817356,46.73282714549463
2022-03-03,1.4351646051792522,1.21340808053923,47.91282488198793
2022-03-04,1.4377722543356388,1.2237105303232947,52.10647474257188
2022-03-07,1.412226637359,1.2137534187669237,53.18714658229557
2022-03-08,1.4059398793756357,1.1984863013773175,50.33447221662243
2022-03-09,1.4270565707193492,1.1965596187259782,52.83006899982806
2022-03-10,1.4257992462685205,1.1943730116258968,55.008441773960065
2022-03-11,1.4139349367386,1.192128636420532,58.258940125866644
2022-03-14,1.4004722591488006,1.1896194365893125,59.57335426614004
2022-03-15,1.4142263168258216,1.2009461313842176,63.9230150253986
2022-03-16,1.4366137257988312,1.1988942811793057,64.34472168996524
2022-03-17,1.4575442778577683,1.2073703097737942,64.1603586907514
2022-03-18,1.4646872532977309,1.2081723292769084,67.2790538938869
2022-03-21,1.4699841534893212,1.2117218484028616,72.39869189024245
2022-03-22,1.4781380589289246,1.215370975121626,68.19114098492969
2022-03-23,1.4638365800729496,1.2095106644478115,69.69717752792107
2022-03-24,1.4796104632495262,1.2114536077813582,72.86790336449604
2022-03-25,1.4929453050884345,1.2190581316956923,70.55952415100725
2022-03-28,1.494209155699707,1.2274935761763233,71.56177237937258
2022-03-29,1.5127701272839083,1.241597049897713,70.21017118045918
2022-03-30,1.5062956751220635,1.2509036675798075,70.73953173921315
2022-03-31,1.4842843877484506,1.2390575870551868,72.9777448739971
2022-04-01,1.4934663565411055,1.2478215086136,72.72727184462187
2022-04-04,1.4970284625119616,1.2494948513546869,72.52068601091293
2022-04-05,1.4810127422734167,1.2389234141732588,70.92739248701774
2022-04-06,1.4791417423903837,1.2591106746452536,73.92564931805013
2022-04-07,1.481523511173407,1.2674254343251667,76.95782607941254
2022-04-08,1.4861964323975607,1.2762300077811204,77.99669405638446
2022-04-11,1.468599192357914,1.2679493159816362,68.42191187838601
2022-04-12,1.4673358840419162,1.2638078631800722,72.29017461751776
2022-04-13,1.4807057959967016,1.266656821872395,71.41519454761308
2022-04-14,1.4775110111933971,1.2771035803306188,76.4139901398974
2022-04-18,1.4787759584644358,1.2640205052291917,80.74402789304935
2022-04-19,1.4972815439169103,1.2653162290341284,76.93443201592804
2022-04-20,1.4995287738974517,1.2704105583662078,80.42019591471391
2022-04-21,1.480986226892646,1.2692392883954713,80.02972293305882
2022-04-22,1.4467652602883294,1.251509555875228,71.13420415055705
2022-04-25,1.443058181825682,1.2555677680614863,71.40411103144127
2022-04-26,1.4133456908605027,1.2296518781994987,71.39652874825296
2022-04-27,1.413986336765712,1.23090728974748,74.88173878197908
2022-04-28,1.4388682214731894,1.247987488775465,77.04515290265807
2022-04-29,1.3883103725397676,1.2156720198988584,67.1966713140653
2022-05-02,1.3942561616564848,1.2158490695244077,68.17859098470831
2022-05-03,1.4032062461051014,1.2174701984135632,67.79190290631549
2022-05-04,1.446140815302048,1.24370075775617,67.8338796947542
2022-05-05,1.409664323176021,1.2342929730146914,64.58655377466947
2022-05-06,1.4043994890486675,1.2179659813150727,62.655253508023854
2022-05-09,1.3551681092924255,1.2120194173780952,53.671608106064845
2022-05-10,1.349272914894064,1.2109563555426754,56.66551981383772
2022-05-11,1.3446609209125584,1.2253291501187449,54.935090724324496
2022-05-12,1.347623630598168,1.2376671863085638,54.379064970626914
2022-05-13,1.3776636773261608,1.2451029653228967,54.910222375654584
2022-05-16,1.3794796711580135,1.263612262785174,55.51807486518571
2022-05-17,1.4063112955900892,1.2409962310918092,52.633254721114156
2022-05-18,1.3669150711712128,1.2079550942238708,50.75850123441147
2022-05-19,1.3644234152561616,1.1973490674973297,52.762777313585595
2022-05-20,1.3653593826776131,1.2052335356472395,50.49160893295943
2022-05-23,1.3916979766961857,1.2205941616054576,52.181314501849094
2022-05-24,1.392276992606573,1.2408046804646988,51.84023815974973
2022-05-25,1.404716893457431,1.2423261987247523,55.52485546855538
2022-05-26,1.4261169530602216,1.239502261550248,58.15087417370349
2022-05-27,1.4540437607612582,1.241955687983645,58.23414319759058
2022-05-31,1.4428667701449738,1.2342686120788569,55.24509144986266
2022-06-01,1.4352944819886206,1.2279881604672271,56.29908268758111
2022-06-02,1.4563452008396194,1.2315865048887813,56.30462027410931
2022-06-03,1.4442842042047364,1.2268501454006473,57.6624750027896
2022-06-06,1.4436015438010261,1.2173796090723963,57.24742642368145
2022-06-07,1.458344417706339,1.229129918941127,61.80777179906788
2022-06-08,1.4395481868268711,1.2231045154666356,59.13137036019596
2022-06-09,1.4056338393110537,1.203992923737873,55.309814764659336
2022-06-10,1.3694736297435472,1.2089041199320247,55.52946362449672
2022-06-13,1.3141670380389465,1.1954865337523228,51.75545378220629
2022-06-14,1.3056361988074614,1.1817588532098973,54.36178340210461
2022-06-15,1.3198619541023555,1.184028192849145,55.24229227189245
2022-06-16,1.2818063393619519,1.1888019070545615,56.112923793539544
2022-06-17,1.276662514425088,1.1842901580877288,54.9231339796459
2022-06-21,1.303833908850027,1.2169685229093468,59.639833052039215
2022-06-22,1.2993537419051162,1.220357159198571,57.97349289509602
2022-06-23,1.3026460912513653,1.2347609606699117,57.39302244000826
2022-06-24,1.3400618187076287,1.2485894339574244,58.759956325540486
2022-06-27,1.3359088113134154,1.2490319195892057,60.613831345340614
2022-06-28,1.3232035840216296,1.229453575787674,61.47379023385053
2022-06-29,1.3164438396846545,1.2310618590087956,59.33363101257054
2022-06-30,1.3064783099764083,1.216486978142441,56.224482807217
2022-07-01,1.3205034230102974,1.231323933157656,56.75122002830003
2022-07-05,1.3121922704100664,1.2289878233728484,54.55436903409292
2022-07-06,1.3120138472534275,1.227142271596973,54.65525917084019
2022-07-07,1.3305266188517348,1.2224688910828732,56.42444956268799
2022-07-08,1.32609903327425,1.2250645499573314,57.843939397484505
2022-07-11,1.3160450532399735,1.2221343123695276,56.74051666150836
2022-07-12,1.3109625769142674,1.208405223126971,56.622161689998805
2022-07-13,1.3060766602425073,1.2061388443852992,58.17931227749426
2022-07-14,1.3006391875122665,1.2028592022697389,56.39333805256131
2022-07-15,1.3248425419810208,1.2189458415875094,58.21745742147123
2022-07-18,1.3205900621189766,1.2019636319608729,60.449967692471816
2022-07-19,1.3567545803465106,1.2102765359858645,61.564202550114466
2022-07-20,1.3603528793797892,1.2046712243027404,62.467879391079904
2022-07-21,1.3676322052253167,1.2004524501702751,65.49939180656827
2022-07-22,1.3608707028247997,1.1986508536246758,62.26307567353435
2022-07-25,1.3657506514325128,1.191111822809889,63.30045144153841
2022-07-26,1.359113573553094,1.1875548660926911,62.081367463657784
2022-07-27,1.3750037456729165,1.1962714102138932,65.25042945107668
2022-07-28,1.3892283813407136,1.2029208320399252,68.39037434334985
2022-07-29,1.4027124809807534,1.206571832376991,70.11910388514842
2022-08-01,1.4004446269358706,1.196788627390776,67.30821082082406
2022-08-02,1.3867709976106248,1.1855201106934974,67.55860177775345
2022-08-03,1.3955755643651657,1.1893152782065788,65.67834681830395
2022-08-04,1.393314027377998,1.1768009963197996,65.4158209845952
2022-08-05,1.3955274441522785,1.1756714100626844,65.71578448404573
2022-08-08,1.3953573918991273,1.1848846665460333,64.1759971296507
2022-08-09,1.3942327789945999,1.1869946787834327,65.99334100315004
2022-08-10,1.417571054081524,1.1969535626756531,69.60455863943932
2022-08-11,1.4259719638031665,1.1979254356128788,67.52952078172142
2022-08-12,1.447175104396023,1.2163550239943712,68.95367198551706
2022-08-15,1.453447990281525,1.2239981209275042,68.55701406969942
2022-08-16,1.4577488518860373,1.2451338791517208,69.46101761599759
2022-08-17,1.4458789867487496,1.2380223344027919,69.64591064768888
2022-08-18,1.4516507823679696,1.2306919064688264,71.97999725824582
2022-08-19,1.4388639115452255,1.227661669071338,71.99896411921712
2022-08-22,1.4110367376287594,1.2138813653440386,72.69898635074821
2022-08-23,1.4138296638015304,1.2090776669716574,74.63783554389526
2022-08-24,1.417160498811426,1.2039302568573198,74.36536299246976
2022-08-25,1.4367955509013013,1.2102202581434507,77.10167776299141
2022-08-26,1.3970101830798394,1.1876540673437503,76.92142581837051
2022-08-29,1.3916809697803858,1.182827180230179,77.50254400677986
2022-08-30,1.3730817905280017,1.175104206012862,76.46791031142922
2022-08-31,1.3629942431380282,1.1681195779302997,75.05757151660315
2022-09-01,1.3620568367638768,1.1877826964740332,72.51858086055417
2022-09-02,1.349085352624518,1.173916708877064,74.72103026110952
2022-09-06,1.3437418450094942,1.1697469268595828,79.04790399751475
2022-09-07,1.365124235086871,1.184729514913318,77.73221903942617
2022-09-08,1.3734058194707504,1.1804648932004551,81.02092638086964
2022-09-09,1.393516678280159,1.1922333671277294,79.60986436868887
2022-09-12,1.405340419056802,1.210299367829857,79.48954474653313
2022-09-13,1.3490575049785443,1.1859665227428993,75.11762632765337
2022-09-14,1.3532825673208757,1.1933326779858897,73.67595824844082
2022-09-15,1.3313979080836398,1.1856369608794988,73.55504113677318
2022-09-16,1.3217490744283102,1.1868190475517633,74.83637134805329
2022-09-19,1.3299922875323342,1.1891281543657088,76.50893988257452
2022-09-20,1.309281055484158,1.1758911835788513,73.38870301369286
2022-09-21,1.2870819854420812,1.1647211341917392,74.96224197224447
2022-09-22,1.2751562188557277,1.1674136420467771,72.99644799636232
2022-09-23,1.2468242671516985,1.1490417934830626,73.04303760433976
2022-09-26,1.2267969171853623,1.1508131174317409,70.87262786674907
2022-09-27,1.2222997384788479,1.1468354764806168,74.54817858310037
2022-09-28,1.248335601049781,1.1699954854473702,77.66759419178608
2022-09-29,1.2235365095067587,1.162515635752098,78.39839893110884
2022-09-30,1.2053470601562868,1.1414719206207127,81.09096657750005
2022-10-03,1.2441408877529798,1.1613931754240991,83.0652932468796
2022-10-04,1.2810322895017046,1.1869519863332874,90.7362734700266
2022-10-05,1.2768861188536826,1.187531903356706,90.19013227520963
2022-10-06,1.2622651541840153,1.1876245134645003,94.54324076778042
2022-10-07,1.2326065714854932,1.1731118185668765,92.19570383211706
2022-10-10,1.2255832707757144,1.1810983062366185,92.52308206003543
2022-10-11,1.221501462140835,1.192867149415211,95.06434949598597
2022-10-12,1.2146333725752607,1.1934219755518158,92.83158434080994
2022-10-13,1.2506817717905743,1.2050617569563424,90.58496440904848
2022-10-14,1.22765403929178,1.1943846566309146,83.1555162477031
2022-10-17,1.2522815190845078,1.2042668599147544,88.45331185662647
2022-10-18,1.2672410940108392,1.223845635689821,91.6892509171366
2022-10-19,1.2574053077224436,1.221239140653809,90.36371340239917
2022-10-20,1.2521734435495802,1.2240335263478312,91.56307640316585
2022-10-21,1.2819214899284963,1.2493600110787326,96.74998705809655
2022-10-24,1.292337690612163,1.27152596882627,99.60598869032825
2022-10-25,1.3140521531527374,1.2723291175999936,100.44165426516888
2022-10-26,1.3205736297974455,1.2937301486987054,99.44212664546986
2022-10-27,1.3203776024308502,1.2991474151421274,107.48755636075724
2022-10-28,1.352441717415268,1.325821831437875,109.06208891696687
2022-10-31,1.342197782513131,1.316903918272653,102.661607607165
2022-11-01,1.3453954553214438,1.314133268341205,107.67797541331714
2022-11-02,1.3222761059167343,1.2894015946559134,100.59665575891684
2022-11-03,1.3190534294587395,1.279863971583604,107.19451770373331
2022-11-04,1.3435648755474539,1.3005790104051502,111.81663744155972
2022-11-07,1.3538358988098387,1.3139374512182966,122.58774408587536
2022-11-08,1.3631967864578227,1.317513402893781,128.89578491154347
2022-11-09,1.3340143343028028,1.3059499793034843,142.47597923875725
2022-11-10,1.4001340212922633,1.3226490480094069,150.71552123216588
2022-11-11,1.4164712772306685,1.322178004038838,135.4329703121204
2022-11-14,1.404027823371276,1.3244136981230634,155.95480925510827
2022-11-15,1.417743295150772,1.335423670812133,160.1883831681815
2022-11-16,1.4030677503402738,1.3343730712635633,158.9776511114739
2022-11-17,1.399836268186588,1.34168107243948,160.8170054550139
2022-11-18,1.4068959009035773,1.3547699383213347,162.18715217272353
2022-11-21,1.4080531261645075,1.36885721556349,159.75086253013146
2022-11-22,1.4288963459790016,1.382835882248282,171.24531645301434
2022-11-23,1.4337348116257522,1.3880085885539402,167.89320212351154
2022-11-25,1.4347989160039152,1.3868090961614203,167.3793488313107
2022-11-28,1.4083687304772652,1.376388029771342,171.02301058050415
2022-11-29,1.4142834719472075,1.379357443342328,167.76429345888852
2022-11-30,1.4479352526223483,1.3941728513288758,178.5902449933103
2022-12-01,1.4475485181320118,1.3998599316597313,181.45539778530724
2022-12-02,1.4497221312943382,1.4059562261413983,181.4303711925306
2022-12-05,1.4247532588080438,1.3840689864073343,185.68441878561921
2022-12-06,1.4071605348074392,1.3722774328214749,193.73790135698894
2022-12-07,1.4054964635866958,1.3829693102381602,195.81650061355077
2022-12-08,1.415462408248929,1.388655314111143,204.93826452799294
2022-12-09,1.4009819910583101,1.3692378690925693,195.96572035087465
2022-12-12,1.4242719599134712,1.3782768590273426,205.4171621583885
2022-12-13,1.4367623012589836,1.3744196287539037,210.28219071915288
2022-12-14,1.4241279233534927,1.3761481280663357,213.23777026403806
2022-12-15,1.3933880227030908,1.3577031134001978,207.71365469406373
2022-12-16,1.380151548266163,1.3505548710800686,195.02432161987835
2022-12-19,1.370911996858372,1.3479766311117005,194.9014295980121
2022-12-20,1.3752704866330332,1.3455856862507316,194.89459420404557
2022-12-21,1.3997917344510717,1.358971491432779,203.95257395407086
2022-12-22,1.3835789760645378,1.3520232811207786,193.6229344303353
2022-12-23,1.3943017544351244,1.3567913356851131,191.63293283128135
2022-12-27,1.3946720088659235,1.3627494541554284,180.54592769355173
2022-12-28,1.3768090037406295,1.346450819411316,180.98128897655414
2022-12-29,1.3955327246372833,1.3538577101966276,176.80825497619477
2022-12-30,1.3929066443359825,1.3548768137571277,175.61107980233197
2023-01-03,1.3960419459097715,1.358659958467123,153.98820201724305
2023-01-04,1.4217684563889081,1.366714556602888,152.40016646038532
2023-01-05,1.4121037890855863,1.3699818378342685,149.19929989658627
2023-01-06,1.44493443845686,1.3856496975621733,154.51239074499986
2023-01-09,1.4451830958246956,1.369736427591002,154.12517741710894
2023-01-10,1.4561904845809868,1.3683069986619039,158.66557691252106
2023-01-11,1.4705395666613532,1.371640962160949,160.19236035430075
2023-01-12,1.4808888668327687,1.362132056757288,153.2559112733207
2023-01-13,1.485970013374708,1.3631237164141086,161.19310563681495
2023-01-17,1.479948528825953,1.3429084340920994,167.8391194700598
2023-01-18,1.456320403162146,1.3128242134915304,164.78501683029904
2023-01-19,1.4454326576073082,1.3120143076553465,156.14124942352632
2023-01-20,1.467566434677393,1.3236409164182414,155.9357866702789
2023-01-23,1.4843491002314153,1.3327481873217972,156.2495825716431
2023-01-24,1.4800690959301168,1.3330693955965034,173.01235271563064
2023-01-25,1.4828052856655456,1.340166750125387,182.5226656157772
2023-01-26,1.4952935671024103,1.3344284716100165,185.87848834970626
2023-01-27,1.4934895225469391,1.3375417857981535,200.17962004765735
2023-01-30,1.4783392076547883,1.3338588296102505,195.2385661115075
2023-01-31,1.4959651536375012,1.3475076329185234,191.65573514881387
2023-02-01,1.5057162794635686,1.3266003485208906,207.25313612210792
2023-02-02,1.5059527452293278,1.3107804328437758,196.14359397049785
2023-02-03,1.4867242123188846,1.3010284567600259,207.3756644540855
2023-02-06,1.4798927399393524,1.2923388316131534,206.62253414595165
2023-02-07,1.4961026874216656,1.3012875962829598,199.49763600548698
2023-02-08,1.481792479905079,1.2992840543076003,212.25570396180444
2023-02-09,1.4674268380207913,1.3056095300137944,229.84572314817632
2023-02-10,1.4785821086874318,1.3216381052633883,225.71224067287704
2023-02-13,1.491521172464595,1.336611481126026,238.82848294340172
2023-02-14,1.4905607382321087,1.3150323178580596,252.61345429733552
2023-02-15,1.4909918283967807,1.322248202221904,242.8497617420331
2023-02-16,1.47020822870381,1.3132261720938705,244.453515980107
2023-02-17,1.4661326057164237,1.3285145843311983,246.32888980650026
2023-02-21,1.4404712150233279,1.3323337818295389,261.15570628059425
2023-02-22,1.432474786738768,1.3207582684391523,259.34789702707604
2023-02-23,1.4403232660955136,1.3165961606272816,289.8293207869538
2023-02-24,1.4266730004246855,1.3145909794291482,302.7936588792261
2023-02-27,1.4292069286880624,1.3172645971281243,313.8166512905218
2023-02-28,1.423071449815309,1.3107679425302536,311.1511464810861
2023-03-01,1.4215657946920268,1.3079896379141231,302.0401744788054
2023-03-02,1.4385728884150326,1.3116562746302702,319.89501800873103
2023-03-03,1.4573343225303417,1.3142744922602123,326.5719380118929
2023-03-06,1.4546984947888209,1.3249629411024129,340.8579273093916
2023-03-07,1.429727013445652,1.3187871084445582,340.6669082067693
2023-03-08,1.4342903118310035,1.3033710981963247,347.02776241639066
2023-03-09,1.4094502426412436,1.2969231512712585,355.63956406871205
2023-03-10,1.391067805315659,1.2894599636814883,323.2018201014713
2023-03-13,1.3861767857841925,1.3065319344051636,336.24315585382925
2023-03-14,1.4063394135927825,1.312411317887075,352.1418779991725
2023-03-15,1.392714596991099,1.3237611930223603,334.29287614007484
2023-03-16,1.412492048138678,1.3207718477436154,341.6365209194036
2023-03-17,1.3952017156882535,1.3227552380096195,354.9319905306155
2023-03-20,1.4110814216965974,1.3330648558315803,372.9125943845353
2023-03-21,1.4228672651127543,1.3319516672314768,387.15640314528457
2023-03-22,1.3944828348384783,1.315204556881078,399.426856289367
2023-03-23,1.3969758785804078,1.3281771810420815,412.3670558491084
2023-03-24,1.4076364986502974,1.3421064913912715,402.5269405706453
2023-03-27,1.4136855968308586,1.3521455996091685,402.7199744373311
2023-03-28,1.4159467672782484,1.347550334316315,394.68416721004445
2023-03-29,1.4379937185620784,1.3492050313766146,377.3026207578737
2023-03-30,1.4450532517166677,1.352951661044013,374.90597337572626
2023-03-31,1.463052172686932,1.3689191857372975,383.61479503753577
2023-04-03,1.4732057758794448,1.3880838248064347,398.5478136805974
2023-04-04,1.4657453284122175,1.3894954204214687,363.4545516196795
2023-04-05,1.4711686847776229,1.408616194435996,358.0480171350251
2023-04-06,1.4709317974473097,1.401000471270759,362.3586620527472
2023-04-10,1.4761010163061592,1.4001053372717147,363.14637468195014
2023-04-11,1.4798934246050277,1.3999463054003032,355.9353271509622
2023-04-12,1.4766051990960392,1.397604578419388,360.36588645132946
2023-04-13,1.4869014131690426,1.411267062198178,333.49719292234295
2023-04-14,1.4782819916394732,1.4053211349550772,344.72633702792587
2023-04-17,1.4856928290390998,1.4016454780189735,343.1323341680461
2023-04-18,1.4861661264620196,1.4006471909630718,365.0793124112041
2023-04-19,1.4893616602686968,1.3984665288589173,377.46537624744235
2023-04-20,1.4789908302649444,1.3972790329747282,412.022355488303
2023-04-21,1.477486393742401,1.4132210647869674,422.3480989299836
2023-04-24,1.4800824693489645,1.4222705742334505,445.02522968322387
2023-04-25,1.4579490064611949,1.424694258446524,454.0794461309358
2023-04-26,1.4397584341629563,1.3985804905608388,468.37572393808404
2023-04-27,1.4608680470970508,1.3902289907681538,415.1925354575146
2023-04-28,1.4747203464261591,1.3889576987926464,398.4461986641392
2023-05-01,1.469673017854673,1.3948053319442981,419.7522838771926
2023-05-02,1.4451558525115256,1.3842698967570426,441.6976098588194
2023-05-03,1.4274996664072666,1.3735099046439743,440.14633974446986
2023-05-04,1.419860701785097,1.3713375670227639,431.74042307898105
2023-05-05,1.4447299163928027,1.3828108275844861,451.63626166201874
2023-05-08,1.4437267448699473,1.3873656968812644,448.1709647240443
2023-05-09,1.4375783186930988,1.3815913227378662,443.6887181815955
2023-05-10,1.435021825746663,1.3739660002147733,449.19455231321473
2023-05-11,1.4221454489256729,1.3732077845024762,491.29546636454165
2023-05-12,1.4209524480065723,1.3756922249392058,487.5867441745294
2023-05-15,1.4274417611857169,1.3729731451151257,492.0813314783127
2023-05-16,1.4046464915191448,1.359006796041374,514.4146476253212
2023-05-17,1.4219504375309668,1.3545170317802195,509.519680574359
2023-05-18,1.430319147638475,1.3597520637927563,521.8567477557523
2023-05-19,1.4267790931032924,1.3594339537153628,548.1973757074079
2023-05-22,1.4277397683824211,1.3490513237685668,517.161744643118
2023-05-23,1.4175187788378538,1.3395512933538212,516.9119951263099
2023-05-24,1.4044166105833735,1.3341236704554407,539.2991165328698
2023-05-25,1.4045469227759464,1.3106360841061961,681.3687095559228
2023-05-26,1.4167154603928107,1.3062608881773705,691.272513305882
2023-05-30,1.4141383542182928,1.2948593646358937,691.3533210381983
2023-05-31,1.4075440957620544,1.2986099513448228,642.0294562580394
2023-06-01,1.4147905801740965,1.3029058263950593,658.7045396623471
2023-06-02,1.4423792761412566,1.320538621238727,602.4888552296724
2023-06-05,1.4338736385556319,1.3151416613410187,625.587882260649
2023-06-06,1.4401872489935688,1.298320108739806,563.5981241115792
2023-06-07,1.4520735909414908,1.3027696815413454,552.2470537983064
2023-06-08,1.4580356335420315,1.3150915899928441,580.9710534152002
2023-06-09,1.4539491511191422,1.3178612263175824,606.5691116542741
2023-06-12,1.4615513636372197,1.3199867428347012,598.8730803034696
2023-06-13,1.4722480474142032,1.3214456927592637,611.9866234860743
2023-06-14,1.4724353813982711,1.319837383614028,602.6776912085776
2023-06-15,1.4871649067000017,1.3325980333915086,597.192585357641
2023-06-16,1.4879831544323154,1.3326284867400766,610.9752176078186
2023-06-20,1.469201225881556,1.3243022534584221,633.5003268834395
2023-06-21,1.464551364624526,1.3201530103693027,681.0653575846915
2023-06-22,1.456360974078534,1.332290119536263,690.5769228202479
2023-06-23,1.4457884029814314,1.3261849223830429,667.2373520334723
2023-06-26,1.4554498886554015,1.32692979821783,659.3517387504544
2023-06-27,1.4659624520992998,1.3235274107593566,681.0342914952735
2023-06-28,1.463464397420573,1.320478946479214,668.5404319664995
2023-06-29,1.472733799463031,1.32671971973903,654.1928923512125
2023-06-30,1.4849781578725751,1.3407847276763942,708.9844276020195
2023-07-03,1.4934085733950866,1.3454466393814777,686.672045305481
2023-07-05,1.4870755451539883,1.3385275909917058,708.7121343926387
2023-07-06,1.4691055176611243,1.3261172801556622,709.3294030286334
2023-07-07,1.4701073226863215,1.3063207921872768,704.9283157228276
2023-07-10,1.4771339501098648,1.3159335010062347,720.7696193252007
2023-07-11,1.4981265169700055,1.3352290217114162,710.3677444834861
2023-07-12,1.5104671108733008,1.3300502748008243,739.1780042252519
2023-07-13,1.5189458008000276,1.327453991104469,765.8851449379202
2023-07-14,1.5089060438279387,1.3351596797449792,805.4681623022351
2023-07-17,1.5035349285694168,1.3300187544690656,883.0180920866153
2023-07-18,1.5124602167513561,1.3329547964276542,925.2168588181306
2023-07-19,1.5215923793541954,1.343825897026027,859.0392783231936
2023-07-20,1.5242522381723687,1.3596674952879073,896.9763088546197
2023-07-21,1.5310959666510253,1.3639640093691574,886.6181585851249
2023-07-24,1.5394633170462408,1.358107001860435,891.4919060913476
2023-07-25,1.5447221440510341,1.358140386216789,911.01894938396
2023-07-26,1.548105800872721,1.3547567113204673,832.3370145284683
2023-07-27,1.540931860565582,1.3443828955856574,900.4458017706842
2023-07-28,1.547467447841501,1.3461053677416497,843.7963190922538
2023-07-31,1.5541443699980284,1.3398246519110846,814.71246075968
2023-08-01,1.5485001822980553,1.3386921637205578,871.1614813181355
2023-08-02,1.5272868428026256,1.3294828132634469,877.808713527991
2023-08-03,1.5197548984961062,1.3276824930072177,926.8313825811503
2023-08-04,1.5164159616995048,1.3205853128130745,919.2226890372718
2023-08-07,1.5285782453924026,1.334314427220119,985.607589008165
2023-08-08,1.523318498227543,1.3230371352184238,1004.1222678338056
2023-08-09,1.5203852024907534,1.3298116536145896,987.0281529104201
2023-08-10,1.5218515227888556,1.328910379862844,924.5529554249367
2023-08-11,1.5244018644333466,1.3379899853754944,955.865147947157
2023-08-14,1.5270029171875266,1.329365513678451,1032.0564588700379
2023-08-15,1.506807606863002,1.3188099033529803,1086.9087633305105
2023-08-16,1.494472703075779,1.313819575022616,1107.563661508121
2023-08-17,1.48751475458634,1.3013175361939247,1070.4120348598676
2023-08-18,1.4900926613454233,1.3031268458965366,1057.8800201447982
2023-08-21,1.489328052552341,1.2983682966246362,1123.950954673931
2023-08-22,1.482023786888537,1.2941950005419136,1112.7450212264569
2023-08-23,1.4928748396639264,1.3108234543591175,1119.7510628698897
2023-08-24,1.4746190977719003,1.2962519455986388,1163.9321296913033
2023-08-25,1.481863183694695,1.2991935336950649,1116.3410672366858
2023-08-28,1.4942587981111977,1.3065443513453854,1066.8780234138226
2023-08-29,1.5121637210139152,1.316539689327923,1105.764925864518
2023-08-30,1.514560448978519,1.3190344329560173,1133.294257197336
2023-08-31,1.509932605489859,1.3124323914067466,1074.629501766137
2023-09-01,1.5160464259471729,1.3100395872060588,1071.1987473154913
2023-09-05,1.5028192043521522,1.2928954787384384,1032.2680934662646
2023-09-06,1.4965432102124336,1.2947123340681312,1020.1252205061949
2023-09-07,1.496283697400346,1.3014752808922985,1081.4062162396092
2023-09-08,1.5002307793823213,1.3112999787130868,1085.098724355558
2023-09-11,1.504529971893499,1.322088622254946,1056.6850237253877
2023-09-12,1.5080027939500749,1.3142275127523935,1058.132355431455
2023-09-13,1.5065442127859916,1.3138570533263039,1186.8409785688075
2023-09-14,1.5251664110133814,1.3235421714595932,1250.1937799601792
2023-09-15,1.5091688227647377,1.3139255406497075,1159.43173538572
2023-09-18,1.5087916059593576,1.3143505965812325,1163.4638167172222
2023-09-19,1.5024343094876487,1.318212194572803,1268.5240970554246
2023-09-20,1.494524527922945,1.3240739007933073,1240.4921101204282
2023-09-21,1.4667442031910458,1.3151386524291246,1179.865215117801
2023-09-22,1.4618538926128637,1.3154263565755355,1218.8768003127357
2023-09-25,1.464904694524646,1.3102708872948676,1273.0275399909583
2023-09-26,1.4472691777438473,1.3074687601004564,1306.8026951855068
2023-09-27,1.445227560782284,1.3007021766265483,1371.763528744404
2023-09-28,1.45108247591273,1.3070048647471009,1426.6112308951228
2023-09-29,1.4495376569020575,1.2989372450794145,1268.2076519677958
2023-10-02,1.428841456045997,1.2906075558975607,1373.5202392469082
2023-10-03,1.4165193558726852,1.2786485700116468,1345.579582301633
2023-10-04,1.4185857204273544,1.2880734565691003,1456.7799456641953
2023-10-05,1.4159639605905223,1.2788929867348267,1463.6229226407213
2023-10-06,1.4309346915264072,1.2860767474247647,1500.8951415617332
2023-10-09,1.443475297708243,1.2956754971265665,1469.7713008766507
2023-10-10,1.4554309700380303,1.308488404900928,1448.177611636579
2023-10-11,1.4603287246703502,1.306566881714373,1479.6199474275638
2023-10-12,1.44819172113164,1.3076653187823586,1447.306518730741
2023-10-13,1.4498061314114181,1.315712245199818,1420.5580091544052
2023-10-16,1.4643875454576478,1.323742206831374,1429.9464744481938
2023-10-17,1.4684779748181453,1.3373849433355758,1364.9702208255285
2023-10-18,1.4474809077329047,1.330764271116422,1265.1490053215532
2023-10-19,1.4339999445128373,1.3211388099634935,1224.6060367507023
2023-10-20,1.421133030283325,1.319895351656601,1217.4430281895893
2023-10-23,1.4117578378244224,1.3196756447109343,1282.8728958203135
2023-10-24,1.4270969205586543,1.3344237522800153,1250.2802724806393
2023-10-25,1.4098690825991194,1.3279287065435057,1256.7167036775206
2023-10-26,1.4069207211700911,1.3080514910565533,1185.2155228671254
2023-10-27,1.3927224251367156,1.2924970324588478,1140.5356128448914
2023-10-30,1.406650222701577,1.298244235053998,1178.0707127447579
2023-10-31,1.4149164975276163,1.2945709788372715,1045.058293305478
2023-11-01,1.4218256927751725,1.2995511336242185,1156.1602714496523
2023-11-02,1.4585016298854403,1.314687019489327,1095.0854889336326
2023-11-03,1.4771617312526257,1.3129158220117467,1011.9348818579657
2023-11-06,1.4705786476495457,1.30496905917619,934.6913314343147
2023-11-07,1.4650800614726627,1.3095599080151084,917.6662537129515
2023-11-08,1.4633514363619275,1.301905568574236,951.5171180716649
2023-11-09,1.4503219297114016,1.2930799596615314,893.1555367634985
2023-11-10,1.4657631194725915,1.2935024457227153,922.6769376691586
2023-11-13,1.4641015440266618,1.299954675028587,936.6079296092628
2023-11-14,1.5001097209653194,1.3020798492973704,904.66177653087
2023-11-15,1.5081341000812738,1.3047336328759591,802.8108236466963
2023-11-16,1.5092850597343614,1.283583063149128,814.5820960389848
2023-11-17,1.5140669574921368,1.2833371694737046,842.8808585213693
2023-11-20,1.5207777648764351,1.2868251846264929,837.1966775146908
2023-11-21,1.5172117184779443,1.2941083106760554,849.3081687240546
2023-11-22,1.5198244409872652,1.2934388637024954,795.8383487522764
2023-11-24,1.523537170726919,1.2997132519712888,763.2169897415395
2023-11-27,1.524346916372281,1.3000334186316767,772.8268802963272
2023-11-28,1.527460632289817,1.3042275782281705,734.4215541158322
2023-11-29,1.5346061465411802,1.2979554226424779,737.7985806503876
2023-11-30,1.544403858250519,1.3061655205871556,792.4967419370903
2023-12-01,1.5586524160922604,1.3139281618238103,803.6454307051106
2023-12-04,1.5558259414326892,1.3234598603661083,786.789930258202
2023-12-05,1.547639985443531,1.3274419098508317,820.2164770191987
2023-12-06,1.5465318653962812,1.3246999327403346,798.3503461136249
2023-12-07,1.5541103261417448,1.318288413486578,808.774418679875
2023-12-08,1.559128072354859,1.3140790658242798,836.3136943806616
2023-12-11,1.5697043798182815,1.3169050369300168,837.4402711936007
2023-12-12,1.570956694031639,1.3217150395325044,880.0369332369626
2023-12-13,1.6037934772338973,1.3413181451883442,881.2684261433075
2023-12-14,1.627037909252108,1.339284841890178,905.7002201431943
2023-12-15,1.6221376238796885,1.328198899816377,923.6491401809728
2023-12-18,1.6199038787015745,1.329700740157325,996.6948321561571
2023-12-19,1.6331165215561176,1.3377707927220093,986.7459148979638
2023-12-20,1.6090231892202926,1.3180504310241368,984.6574954359127
2023-12-21,1.6221536757482977,1.330908243009827,1005.4334384040496
2023-12-22,1.6253330387708447,1.3404607408657168,1047.021261927676
2023-12-26,1.635908199257068,1.3411183610744088,1003.7451718328275
2023-12-27,1.6382890311580345,1.3485837153639328,1044.5654700552575
2023-12-28,1.6402946579605302,1.352298587579944,1031.1642149467052
2023-12-29,1.6353161689064115,1.3529798024651416,1042.7378053344837
