date,Comm,Consumer,Energy,Financials,Healthcare,Industrials,Materials,RealEstate,Tech,Utilities
2020-01-03,0.9983,0.9931,1.0052,0.9893,0.9921,0.9957,0.9838,1.0092,0.987,1.0007
2020-01-06,1.0052,0.9898,1.0164,0.9863,0.9988,0.9983,0.9816,1.0084,0.9864,1.0056
2020-01-07,1.0094,0.9858,1.0121,0.9832,0.9878,0.9951,0.9768,0.9986,0.9903,1.0032
2020-01-08,1.0192,0.9869,0.9947,0.9911,0.9909,0.9958,0.9786,1.0036,0.9912,1.0015
2020-01-09,1.0214,0.9953,1.0034,0.9982,0.9954,0.9989,0.971,1.0022,1.0034,1.0072
2020-01-10,1.0123,0.9921,1.0,0.9966,0.9877,0.9868,0.9652,1.0131,1.0004,1.0098
2020-01-13,1.0195,0.9968,1.0013,1.0016,0.9826,0.9975,0.9763,1.028,1.0163,1.0173
2020-01-14,1.0187,1.0,1.0034,0.9918,0.9899,0.9985,0.979,1.0218,1.0082,1.0203
2020-01-15,1.0193,1.0007,0.9964,0.9859,1.0007,0.9922,0.9868,1.0342,1.0036,1.0342
2020-01-16,1.0305,1.0067,0.997,1.0083,0.9982,0.9987,0.9906,1.0379,1.02,1.041
2020-01-17,1.0439,1.0089,0.9883,1.016,0.9967,0.9951,0.9968,1.0422,1.0366,1.0506
2020-01-21,1.0431,1.0075,0.9646,1.0055,0.9918,0.9791,0.99,1.0578,1.0364,1.0602
2020-01-22,1.0485,1.0104,0.9538,1.0073,0.9958,0.9655,0.9791,1.0497,1.0438,1.065
2020-01-23,1.0367,1.008,0.9487,1.0019,0.9867,0.9771,0.9759,1.0606,1.0481,1.0719
2020-01-24,1.0215,0.9963,0.9389,0.9874,0.9659,0.9761,0.9621,1.0624,1.0521,1.0792
2020-01-27,1.0085,0.9816,0.9134,0.9729,0.9653,0.9556,0.9438,1.0609,1.0215,1.0797
2020-01-28,1.0199,0.9849,0.9146,0.9833,0.9682,0.9516,0.9477,1.0655,1.0479,1.0841
2020-01-29,1.0055,0.9751,0.9053,0.9806,0.9701,0.9697,0.9527,1.0588,1.0264,1.089
2020-01-30,1.0144,0.9799,0.9123,0.9939,0.9635,0.9544,0.9294,1.067,1.0345,1.1019
2020-01-31,0.9955,0.9695,0.8867,0.9664,0.9439,0.9291,0.9061,1.0534,1.002,1.0978
2020-02-03,0.9845,0.9826,0.8819,0.9729,0.9611,0.9176,0.9206,1.0521,1.0179,1.0979
2020-02-04,1.0085,0.9995,0.8777,0.9857,0.9781,0.932,0.9308,1.0598,1.0437,1.0839
2020-02-05,1.0032,0.995,0.9107,0.9984,0.9852,0.9593,0.9431,1.0562,1.0584,1.0847
2020-02-06,1.0246,0.9928,0.9029,0.9959,0.9925,0.9688,0.939,1.0626,1.0598,1.0861
2020-02-07,1.0059,0.9903,0.898,0.9913,0.9993,0.9493,0.9213,1.0656,1.0477,1.0825
2020-02-10,0.9993,0.9961,0.8908,0.9949,1.0056,0.9563,0.9198,1.0796,1.0741,1.0851
2020-02-11,1.0257,0.9935,0.9027,0.9957,1.0071,0.9641,0.9286,1.1001,1.0907,1.0898
2020-02-12,1.0374,1.0032,0.9192,1.0011,1.0011,0.9781,0.9336,1.1058,1.1022,1.091
2020-02-13,1.033,1.0091,0.912,1.003,0.9902,0.9699,0.9273,1.1094,1.0996,1.1087
2020-02-14,1.0395,1.008,0.9069,1.0045,0.994,0.9673,0.927,1.1223,1.1194,1.1191
2020-02-18,1.0468,1.0058,0.8996,0.9933,0.9877,0.9615,0.9309,1.121,1.1228,1.1299
2020-02-19,1.049,1.0094,0.9123,1.0033,0.9909,0.9606,0.9364,1.1,1.1569,1.1154
2020-02-20,1.0499,1.0046,0.9077,0.9898,0.9885,0.9569,0.9446,1.1138,1.1349,1.1224
2020-02-21,1.0461,0.9983,0.8968,0.9812,0.996,0.9414,0.947,1.1202,1.0947,1.1213
2020-02-24,1.0258,0.9658,0.8506,0.9457,0.9881,0.9097,0.9279,1.1088,1.0349,1.1116
2020-02-25,1.0048,0.9415,0.8069,0.9101,0.9545,0.8739,0.8892,1.0866,0.9998,1.0899
2020-02-26,0.9965,0.9274,0.7771,0.8966,0.9689,0.8702,0.8805,1.0861,1.0041,1.0821
2020-02-27,0.9684,0.8929,0.7299,0.8599,0.9374,0.8393,0.8359,1.0127,0.9481,1.0289
2020-02-28,0.9572,0.8857,0.743,0.8466,0.9173,0.8406,0.8205,0.9919,0.9766,0.9974
2020-03-02,1.003,0.9262,0.7625,0.8813,0.9736,0.8674,0.8528,1.0481,1.0133,1.0606
2020-03-03,0.9829,0.9045,0.7431,0.8476,0.9469,0.8412,0.8522,1.0524,0.9831,1.0545
2020-03-04,1.0318,0.9323,0.7582,0.8687,0.9896,0.8663,0.8809,1.0973,1.039,1.1182
2020-03-05,1.0026,0.9014,0.7304,0.8225,0.9776,0.8232,0.8542,1.082,1.0025,1.1023
2020-03-06,0.9914,0.8943,0.6807,0.7997,0.9873,0.817,0.8334,1.0675,0.9825,1.0906
2020-03-09,0.9295,0.8469,0.5011,0.7121,0.9322,0.729,0.7358,1.0065,0.8981,1.0373
2020-03-10,0.9664,0.8863,0.5324,0.7592,0.9587,0.765,0.7698,1.0518,0.9604,1.0377
2020-03-11,0.9531,0.8399,0.4957,0.7094,0.9358,0.7038,0.7253,0.9994,0.9225,0.9825
2020-03-12,0.8673,0.7517,0.4469,0.6194,0.8758,0.6338,0.6591,0.9307,0.8146,0.8786
2020-03-13,0.9461,0.8111,0.4962,0.7161,0.9386,0.6869,0.6923,1.0097,0.9355,0.9324
2020-03-16,0.8657,0.7329,0.4274,0.6183,0.8617,0.6038,0.6202,0.8455,0.7895,0.8401
2020-03-17,0.9175,0.7616,0.4276,0.6537,0.9152,0.6319,0.6737,0.9103,0.8636,0.9579
2020-03-18,0.8655,0.7399,0.3704,0.6093,0.9122,0.6062,0.6329,0.8346,0.8034,0.9245
2020-03-19,0.8691,0.7553,0.3994,0.6228,0.8916,0.5993,0.6595,0.8295,0.8257,0.8599
2020-03-20,0.8147,0.7069,0.4001,0.5938,0.8505,0.5735,0.6414,0.7956,0.8019,0.7856
2020-03-23,0.8432,0.6908,0.3708,0.5556,0.8115,0.5663,0.6143,0.7464,0.8394,0.7355
2020-03-24,0.862,0.7599,0.4341,0.6328,0.8606,0.6368,0.6907,0.814,0.9056,0.8121
2020-03-25,0.8474,0.781,0.4528,0.6465,0.8443,0.6798,0.6993,0.851,0.8839,0.8329
2020-03-26,0.9148,0.8191,0.4812,0.693,0.8991,0.7285,0.7247,0.9257,0.9446,0.9124
2020-03-27,0.8805,0.7889,0.4384,0.6698,0.8863,0.6915,0.7021,0.918,0.9104,0.9189
2020-03-30,0.9055,0.8183,0.4363,0.6779,0.9334,0.7014,0.7168,0.9492,0.9497,0.9541
2020-03-31,0.901,0.7979,0.4484,0.6558,0.9267,0.6973,0.7163,0.9145,0.9303,0.9114
2020-04-01,0.8783,0.7738,0.4266,0.6129,0.8969,0.6506,0.6914,0.8664,0.8859,0.8555
2020-04-02,0.9052,0.7977,0.4796,0.6349,0.9363,0.6554,0.7057,0.8878,0.914,0.8815
2020-04-03,0.889,0.7859,0.4774,0.6173,0.9303,0.643,0.6929,0.8773,0.8835,0.8495
2020-04-06,0.9333,0.8376,0.4993,0.6765,0.9584,0.6988,0.7496,0.9283,0.9666,0.9138
2020-04-07,0.9397,0.8358,0.5114,0.6832,0.9414,0.6897,0.7666,0.9254,0.9585,0.9043
2020-04-08,0.9467,0.8492,0.5494,0.7183,0.9738,0.7193,0.802,0.9845,0.978,0.9527
2020-04-09,0.9503,0.8676,0.5359,0.753,0.9766,0.717,0.8424,1.0364,0.9636,0.9952
2020-04-13,0.9507,0.8539,0.5309,0.7262,0.9776,0.6961,0.8296,0.9898,0.9899,0.9612
2020-04-14,0.9802,0.881,0.5233,0.7216,1.0131,0.699,0.8345,1.0249,1.0462,0.9896
2020-04-15,0.9681,0.864,0.4956,0.6911,1.0019,0.6826,0.7863,0.9816,1.0288,0.9572
2020-04-16,0.9889,0.8695,0.471,0.6729,1.0288,0.6712,0.7883,0.9802,1.0616,0.9524
2020-04-17,0.9901,0.8964,0.5212,0.7076,1.0576,0.7109,0.8232,1.0054,1.056,0.986
2020-04-20,0.9836,0.8721,0.5015,0.6914,1.057,0.6875,0.8104,0.9828,1.0448,0.9512
2020-04-21,0.9596,0.8526,0.4892,0.6678,1.0155,0.6715,0.7979,0.9689,0.9906,0.9396
2020-04-22,0.9684,0.8759,0.5104,0.6796,1.0309,0.6679,0.8194,0.9829,1.0398,0.969
2020-04-23,0.9664,0.8615,0.5345,0.6766,1.0253,0.6785,0.8359,0.9648,1.0312,0.9499
2020-04-24,0.9828,0.8674,0.532,0.6852,1.0391,0.6693,0.8465,0.9702,1.0486,0.9561
2020-04-27,0.9906,0.8863,0.5412,0.7139,1.0564,0.6832,0.8732,0.9947,1.0585,0.9665
2020-04-28,0.9676,0.8871,0.5563,0.7245,1.0294,0.6895,0.89,0.9867,1.0371,0.9678
2020-04-29,0.9838,0.8869,0.605,0.7523,1.0426,0.697,0.9232,0.9787,1.0659,0.955
2020-04-30,0.9699,0.8708,0.5884,0.7271,1.0399,0.6934,0.8999,0.9809,1.0521,0.9415
2020-05-01,0.9603,0.8574,0.5513,0.7022,1.0149,0.6662,0.8793,0.9565,1.0125,0.9184
2020-05-04,0.9702,0.849,0.567,0.6976,1.011,0.6522,0.8795,0.953,1.0345,0.9267
2020-05-05,0.9754,0.8532,0.5689,0.6918,1.0319,0.6499,0.8871,0.9621,1.047,0.9361
2020-05-06,0.9558,0.851,0.5448,0.6834,1.0212,0.6393,0.8662,0.9514,1.0595,0.9059
2020-05-07,0.9821,0.8655,0.564,0.7009,1.0184,0.6482,0.8831,0.9669,1.0661,0.9118
2020-05-08,1.0015,0.8867,0.5934,0.713,1.0203,0.668,0.9122,0.9862,1.0834,0.927
2020-05-11,0.9985,0.8797,0.583,0.6998,1.0546,0.6533,0.8988,0.9798,1.1046,0.9266
2020-05-12,0.9832,0.8631,0.5709,0.6759,1.0416,0.636,0.8859,0.9399,1.0737,0.923
2020-05-13,0.9724,0.8508,0.5405,0.6473,1.0335,0.6194,0.8662,0.9279,1.0594,0.9187
2020-05-14,0.9852,0.8568,0.5474,0.6713,1.0423,0.6217,0.8851,0.9312,1.0838,0.9291
2020-05-15,0.9925,0.8645,0.5476,0.6634,1.0398,0.6182,0.8996,0.9224,1.087,0.9152
2020-05-18,1.0246,0.8989,0.5931,0.7089,1.0321,0.6761,0.9372,0.9623,1.1149,0.9434
2020-05-19,1.0278,0.8896,0.5721,0.6886,1.0094,0.666,0.9287,0.9463,1.1186,0.924
2020-05-20,1.0449,0.9116,0.5964,0.7086,1.0167,0.6799,0.9327,0.9479,1.1511,0.9315
2020-05-21,1.0209,0.9082,0.5832,0.7016,1.0167,0.6831,0.9236,0.9428,1.1265,0.9216
2020-05-22,1.0313,0.9049,0.5776,0.6995,1.0177,0.6794,0.9232,0.9691,1.14,0.9379
2020-05-26,1.0208,0.9189,0.5935,0.7506,1.0085,0.7065,0.9433,0.9986,1.1172,0.9411
2020-05-27,1.0413,0.9284,0.6022,0.7887,1.0175,0.7367,0.9505,1.0177,1.1175,0.9551
2020-05-28,1.0448,0.9216,0.5825,0.7665,1.025,0.7236,0.9536,1.0381,1.1052,0.9882
2020-05-29,1.0514,0.9208,0.5746,0.7557,1.0536,0.7142,0.953,1.0399,1.1403,0.9951
2020-06-01,1.0541,0.9268,0.5887,0.7677,1.0321,0.7228,0.9575,1.0586,1.1325,1.0068
2020-06-02,1.056,0.9273,0.6075,0.777,1.0272,0.7389,0.9759,1.0684,1.1479,1.0095
2020-06-03,1.0479,0.9464,0.6288,0.8037,1.0279,0.776,0.9836,1.0869,1.1424,1.0209
2020-06-04,1.0435,0.9396,0.6315,0.8239,1.033,0.7969,0.9858,1.0554,1.1486,1.0029
2020-06-05,1.0601,0.9559,0.7115,0.8516,1.0427,0.8358,0.9989,1.0795,1.1706,1.0101
2020-06-08,1.0871,0.9683,0.7599,0.8694,1.0529,0.8771,1.0103,1.0983,1.1749,1.0374
2020-06-09,1.0778,0.9542,0.734,0.8585,1.0505,0.8487,1.0026,1.0988,1.1897,1.0232
2020-06-10,1.0873,0.9411,0.6868,0.8236,1.0559,0.8226,0.9953,1.0874,1.2148,1.0223
2020-06-11,1.0449,0.8846,0.6135,0.7556,1.0069,0.7467,0.9208,1.0234,1.1346,0.9821
2020-06-12,1.049,0.8991,0.636,0.7825,1.0091,0.7762,0.9395,1.0531,1.1539,0.9786
2020-06-15,1.0686,0.9089,0.6392,0.796,1.0095,0.787,0.9623,1.0723,1.1684,0.9833
2020-06-16,1.0628,0.9195,0.661,0.8074,1.0327,0.8081,0.9791,1.0841,1.1804,0.9839
2020-06-17,1.065,0.9152,0.6437,0.7932,1.0297,0.7978,0.9708,1.0813,1.1876,0.9821
2020-06-18,1.0803,0.913,0.6529,0.7919,1.0339,0.7986,0.9696,1.0675,1.1873,0.981
2020-06-19,1.0826,0.8988,0.6434,0.7882,1.0575,0.7904,0.9722,1.0612,1.1888,0.9471
2020-06-22,1.0739,0.9099,0.6476,0.7893,1.0459,0.7844,0.9759,1.0562,1.2065,0.9613
2020-06-23,1.0851,0.9143,0.6465,0.7954,1.0489,0.7902,0.9737,1.0497,1.2022,0.9516
2020-06-24,1.0734,0.8943,0.6038,0.7681,1.0312,0.7577,0.943,1.0285,1.1809,0.9429
2020-06-25,1.0797,0.8963,0.6183,0.7955,1.0437,0.7668,0.9624,1.0379,1.1854,0.9279
2020-06-26,1.0672,0.8659,0.593,0.7521,1.0314,0.7487,0.9488,1.0175,1.1566,0.9168
2020-06-29,1.071,0.8827,0.6043,0.7629,1.0342,0.7872,0.9652,1.0346,1.1628,0.9296
2020-06-30,1.0761,0.8893,0.6152,0.7724,1.0573,0.7832,0.9802,1.0505,1.1992,0.9328
2020-07-01,1.094,0.892,0.596,0.764,1.0768,0.7821,0.9709,1.0794,1.1945,0.9542
2020-07-02,1.0908,0.8915,0.6053,0.7671,1.0829,0.788,0.9856,1.0781,1.204,0.9558
2020-07-06,1.104,0.9027,0.6139,0.7847,1.0866,0.8029,0.9979,1.0781,1.2242,0.9289
2020-07-07,1.1025,0.9056,0.594,0.7599,1.0802,0.7823,0.9915,1.0647,1.214,0.9336
2020-07-08,1.1056,0.9093,0.5952,0.7676,1.0746,0.7866,0.975,1.0643,1.2342,0.9438
2020-07-09,1.11,0.9049,0.5644,0.7481,1.0683,0.7681,0.957,1.0642,1.2591,0.9304
2020-07-10,1.1311,0.9217,0.5826,0.7808,1.0669,0.7802,0.9754,1.0576,1.2581,0.9487
2020-07-13,1.1039,0.9087,0.5762,0.7831,1.0729,0.7814,0.9663,1.0402,1.2175,0.9479
2020-07-14,1.1223,0.9193,0.5992,0.7819,1.0891,0.8029,0.9923,1.0489,1.2302,0.9569
2020-07-15,1.1261,0.9355,0.6093,0.8022,1.099,0.824,1.0087,1.0495,1.2296,0.9515
2020-07-16,1.1269,0.9271,0.6058,0.8024,1.0986,0.816,1.0097,1.0349,1.2186,0.9672
2020-07-17,1.1288,0.9255,0.5921,0.7908,1.1137,0.8106,1.0139,1.0551,1.2305,0.988
2020-07-20,1.1377,0.9218,0.5794,0.7877,1.1129,0.7984,1.0031,1.0471,1.269,0.9786
2020-07-21,1.137,0.935,0.6202,0.803,1.0984,0.8101,1.0175,1.0482,1.2523,0.9888
2020-07-22,1.1347,0.9467,0.6088,0.795,1.1009,0.8134,1.0352,1.0561,1.2787,1.0066
2020-07-23,1.1228,0.9372,0.6076,0.793,1.095,0.8093,1.0317,1.0491,1.2434,1.0072
2020-07-24,1.1323,0.938,0.6057,0.7888,1.0769,0.8047,1.0326,1.0482,1.2427,0.9993
2020-07-27,1.1389,0.9352,0.6081,0.7872,1.092,0.8076,1.056,1.0623,1.2562,0.9803
2020-07-28,1.1315,0.9283,0.5958,0.7837,1.0918,0.8007,1.04,1.0873,1.2385,1.0016
2020-07-29,1.1408,0.9336,0.6081,0.7944,1.0897,0.7985,1.0556,1.1074,1.2763,1.0045
2020-07-30,1.146,0.9294,0.5748,0.774,1.0801,0.801,1.0316,1.0942,1.327,1.0049
2020-07-31,1.1571,0.9299,0.5694,0.7669,1.0694,0.7875,1.0348,1.0952,1.3223,1.0025
2020-08-03,1.1631,0.924,0.5691,0.7701,1.087,0.7908,1.0252,1.0757,1.3483,0.9916
2020-08-04,1.1914,0.9276,0.5842,0.7697,1.0735,0.7976,1.0444,1.0972,1.3865,1.0014
2020-08-05,1.1817,0.9519,0.5905,0.7803,1.0682,0.8223,1.0565,1.0868,1.3904,0.9894
2020-08-06,1.1883,0.9569,0.5857,0.7806,1.0638,0.8189,1.0561,1.0844,1.4043,0.9932
2020-08-07,1.1968,0.9608,0.5869,0.7928,1.0644,0.8346,1.0659,1.0978,1.3758,1.0123
2020-08-10,1.1957,0.9726,0.6092,0.7924,1.0555,0.8658,1.0871,1.0915,1.3647,1.0037
2020-08-11,1.1715,0.9765,0.6013,0.8056,1.0497,0.8667,1.0653,1.0697,1.3349,0.9837
2020-08-12,1.1853,0.9843,0.6071,0.8063,1.0727,0.8651,1.0772,1.0841,1.3981,0.997
2020-08-13,1.1913,0.9853,0.5944,0.7992,1.0709,0.8623,1.0779,1.0754,1.3892,0.9941
2020-08-14,1.1952,0.9843,0.5977,0.802,1.071,0.8681,1.0823,1.0763,1.3915,0.9842
2020-08-17,1.198,0.9861,0.59,0.7885,1.0837,0.8538,1.095,1.086,1.4128,0.9826
2020-08-18,1.2019,0.9875,0.5849,0.7803,1.0805,0.8501,1.0921,1.0858,1.4139,0.978
2020-08-19,1.1912,0.9773,0.5785,0.7841,1.0703,0.8471,1.0791,1.0619,1.4039,0.9759
2020-08-20,1.1962,0.9733,0.563,0.7794,1.0703,0.842,1.0785,1.076,1.4237,0.9665
2020-08-21,1.1889,0.9763,0.5576,0.7783,1.0716,0.8429,1.0671,1.0825,1.4435,0.9686
2020-08-24,1.1972,0.9915,0.5755,0.8001,1.0665,0.8695,1.09,1.0787,1.4503,0.977
2020-08-25,1.1948,0.9984,0.5677,0.7996,1.0798,0.8625,1.0812,1.0797,1.4692,0.969
2020-08-26,1.2072,1.0025,0.5516,0.7957,1.0819,0.8583,1.092,1.0774,1.4962,0.9579
2020-08-27,1.1995,1.0155,0.5536,0.8081,1.1016,0.8641,1.0855,1.0891,1.4739,0.9598
2020-08-28,1.1991,1.0374,0.5629,0.8125,1.0991,0.8734,1.1006,1.0978,1.5074,0.9614
2020-08-31,1.1972,1.0264,0.5515,0.7994,1.1045,0.8593,1.0884,1.0902,1.5348,0.964
2020-09-01,1.196,1.0494,0.5431,0.8025,1.0831,0.8609,1.1143,1.0894,1.5649,0.9545
2020-09-02,1.2053,1.0705,0.5404,0.818,1.1088,0.8826,1.1447,1.1136,1.5873,0.9833
2020-09-03,1.1719,1.0478,0.5415,0.8079,1.0806,0.8587,1.1175,1.0987,1.4867,0.974
2020-09-04,1.1578,1.0443,0.5387,0.8125,1.0779,0.8678,1.1201,1.0929,1.4635,0.9676
2020-09-08,1.1315,1.0349,0.5113,0.7824,1.0541,0.8431,1.1013,1.0837,1.395,0.9687
2020-09-09,1.1493,1.0424,0.5146,0.7864,1.0725,0.8543,1.131,1.1021,1.4505,0.9821
2020-09-10,1.1309,1.0343,0.4919,0.7779,1.0541,0.8387,1.1216,1.0915,1.4211,0.9665
2020-09-11,1.1313,1.0429,0.4928,0.7841,1.0661,0.8486,1.1339,1.094,1.4096,0.9743
2020-09-14,1.1415,1.0489,0.4933,0.7989,1.0786,0.8631,1.1491,1.1188,1.4413,0.9899
2020-09-15,1.1647,1.053,0.4981,0.7923,1.0825,0.8538,1.1545,1.1312,1.4662,0.9998
2020-09-16,1.155,1.052,0.523,0.8055,1.0792,0.8803,1.1532,1.1365,1.4313,0.9943
2020-09-17,1.1447,1.0408,0.5277,0.7932,1.0792,0.8943,1.1641,1.1118,1.4292,0.9887
2020-09-18,1.1393,1.0284,0.5208,0.7896,1.081,0.8784,1.1455,1.0924,1.3999,0.9726
2020-09-21,1.1465,1.0155,0.5004,0.7665,1.0632,0.8445,1.0987,1.0664,1.4257,0.9735
2020-09-22,1.1645,1.0291,0.4952,0.7598,1.0603,0.8464,1.0995,1.0813,1.4404,0.9754
2020-09-23,1.138,1.0289,0.4732,0.7377,1.0466,0.83,1.0671,1.0493,1.3933,0.9619
2020-09-24,1.1473,1.0271,0.4769,0.7497,1.0365,0.8237,1.0728,1.0528,1.4069,0.971
2020-09-25,1.1594,1.0328,0.4704,0.7562,1.0449,0.8431,1.0799,1.0761,1.4447,0.9809
2020-09-28,1.1742,1.0429,0.4792,0.7712,1.0538,0.8628,1.1029,1.0928,1.4775,0.9836
2020-09-29,1.1608,1.0406,0.462,0.7599,1.0508,0.8553,1.0898,1.0906,1.4867,0.9842
2020-09-30,1.1665,1.0459,0.4633,0.7711,1.0711,0.8606,1.0934,1.0987,1.4992,1.0014
2020-10-01,1.1755,1.0524,0.4506,0.7694,1.0677,0.8604,1.0822,1.1135,1.5245,1.0124
2020-10-02,1.1508,1.0477,0.4581,0.7774,1.0466,0.8695,1.0911,1.1297,1.4711,1.0294
2020-10-05,1.1665,1.0578,0.4743,0.7895,1.07,0.8823,1.1112,1.1313,1.5212,1.043
2020-10-06,1.1425,1.0461,0.4643,0.7808,1.0499,0.861,1.0961,1.1178,1.5084,1.0508
2020-10-07,1.1477,1.0599,0.4724,0.7972,1.062,0.8844,1.1163,1.1221,1.5466,1.0571
2020-10-08,1.1571,1.0668,0.4937,0.8081,1.0525,0.9002,1.132,1.1328,1.5441,1.0721
2020-10-09,1.1603,1.077,0.4851,0.8087,1.054,0.9095,1.1368,1.1361,1.5406,1.0742
2020-10-12,1.1844,1.0797,0.486,0.8248,1.063,0.9146,1.1335,1.1434,1.5714,1.0794
2020-10-13,1.1903,1.084,0.4765,0.8081,1.0573,0.902,1.1247,1.1285,1.5793,1.0689
2020-10-14,1.1746,1.0715,0.4755,0.797,1.0519,0.9085,1.1376,1.1127,1.5714,1.0654
2020-10-15,1.1669,1.0743,0.4837,0.7967,1.0393,0.9129,1.1343,1.1186,1.56,1.0621
2020-10-16,1.1688,1.0713,0.4653,0.7964,1.0459,0.9341,1.1368,1.1175,1.5605,1.0756
2020-10-19,1.1468,1.0594,0.4562,0.7877,1.0257,0.9284,1.1223,1.1002,1.5452,1.0676
2020-10-20,1.1402,1.0687,0.4624,0.7945,1.0254,0.936,1.1223,1.1085,1.5398,1.0697
2020-10-21,1.1405,1.0722,0.4477,0.7855,1.0139,0.9257,1.1161,1.1059,1.53,1.0665
2020-10-22,1.1522,1.0791,0.4657,0.8019,1.0278,0.9462,1.1251,1.0941,1.5214,1.0859
2020-10-23,1.151,1.0837,0.4638,0.8029,1.026,0.9398,1.1278,1.1029,1.5085,1.0841
2020-10-26,1.1403,1.0654,0.4466,0.7843,1.0199,0.912,1.103,1.0956,1.4757,1.0894
2020-10-27,1.1399,1.0659,0.441,0.76,1.0128,0.8903,1.1016,1.0873,1.464,1.0876
2020-10-28,1.1167,1.0283,0.421,0.736,0.9879,0.8641,1.073,1.0664,1.4058,1.06
2020-10-29,1.1188,1.0377,0.4322,0.745,0.9856,0.8732,1.1026,1.0772,1.4335,1.0647
2020-10-30,1.0987,1.0278,0.4335,0.7475,0.9928,0.8696,1.1019,1.0679,1.3981,1.0563
2020-11-02,1.0973,1.0324,0.4539,0.7609,1.0129,0.8898,1.1392,1.0918,1.3981,1.078
2020-11-03,1.1148,1.0552,0.4505,0.781,1.0176,0.9157,1.1592,1.1001,1.4264,1.0901
2020-11-04,1.1421,1.063,0.4557,0.778,1.0593,0.8927,1.1274,1.1053,1.4954,1.0751
2020-11-05,1.1644,1.0755,0.4588,0.797,1.0615,0.9158,1.1678,1.1029,1.5553,1.0848
2020-11-06,1.1696,1.0786,0.4478,0.7867,1.0587,0.9213,1.1632,1.1051,1.5709,1.087
2020-11-09,1.1647,1.1271,0.5201,0.8584,1.0579,0.9673,1.1796,1.092,1.522,1.1006
2020-11-10,1.1666,1.1298,0.5355,0.8599,1.0822,0.9934,1.1976,1.1084,1.4653,1.1184
2020-11-11,1.1835,1.1276,0.5252,0.8601,1.0814,0.9836,1.1863,1.1221,1.5244,1.1231
2020-11-12,1.1829,1.1165,0.5079,0.8452,1.072,0.969,1.169,1.1164,1.507,1.1077
2020-11-13,1.1998,1.1342,0.5259,0.8576,1.0836,0.998,1.1948,1.1314,1.5105,1.116
2020-11-16,1.2002,1.1576,0.5675,0.8763,1.0828,1.0336,1.2246,1.1283,1.5335,1.1198
2020-11-17,1.2021,1.1577,0.5733,0.8786,1.0828,1.0425,1.2196,1.1267,1.5296,1.0943
2020-11-18,1.1891,1.149,0.5646,0.873,1.0675,1.0347,1.2014,1.1149,1.5146,1.0724
2020-11-19,1.203,1.1526,0.575,0.88,1.0685,1.0354,1.2019,1.1077,1.5352,1.0603
2020-11-20,1.2127,1.1468,0.5739,0.8665,1.0677,1.0288,1.1994,1.0939,1.517,1.0601
2020-11-23,1.2167,1.1576,0.6246,0.8891,1.0653,1.0557,1.2055,1.0854,1.5189,1.061
2020-11-24,1.2294,1.1737,0.6558,0.9321,1.065,1.0845,1.227,1.0865,1.526,1.0759
2020-11-25,1.2348,1.1707,0.6439,0.929,1.0601,1.0792,1.2134,1.0975,1.5396,1.0799
2020-11-27,1.2498,1.1651,0.6357,0.9265,1.0696,1.0743,1.2175,1.0974,1.5486,1.071
2020-11-30,1.2551,1.1645,0.6014,0.9049,1.0712,1.0599,1.2021,1.0933,1.5853,1.0579
2020-12-01,1.2602,1.1717,0.5996,0.9211,1.0783,1.0546,1.2146,1.1046,1.6021,1.0687
2020-12-02,1.2675,1.1757,0.6188,0.9339,1.0817,1.0746,1.2055,1.0877,1.6119,1.0771
2020-12-03,1.2646,1.1815,0.6297,0.9335,1.0784,1.0906,1.2025,1.0876,1.6125,1.0647
2020-12-04,1.2695,1.1931,0.6734,0.9478,1.0903,1.1017,1.2219,1.0875,1.6465,1.048
2020-12-07,1.2818,1.188,0.6564,0.941,1.0822,1.0996,1.2192,1.0777,1.6415,1.0544
2020-12-08,1.2926,1.1912,0.6705,0.9385,1.0906,1.1019,1.2365,1.0703,1.6381,1.0475
2020-12-09,1.2954,1.1886,0.6734,0.9445,1.092,1.1151,1.2337,1.0602,1.5996,1.0454
2020-12-10,1.2928,1.1964,0.699,0.9482,1.0858,1.1057,1.23,1.0547,1.6032,1.0415
2020-12-11,1.3046,1.2245,0.69,0.9364,1.0848,1.1056,1.2237,1.0614,1.5766,1.0446
2020-12-14,1.3075,1.2117,0.6609,0.9243,1.0758,1.0923,1.2075,1.0618,1.6106,1.0377
2020-12-15,1.317,1.2284,0.6742,0.9437,1.0743,1.1061,1.232,1.0738,1.6231,1.056
2020-12-16,1.316,1.2194,0.6703,0.9457,1.0724,1.1011,1.2364,1.0744,1.6301,1.0452
2020-12-17,1.3101,1.2258,0.6667,0.9487,1.0789,1.1024,1.2431,1.0877,1.6327,1.056
2020-12-18,1.3227,1.2213,0.6513,0.9408,1.075,1.1025,1.2474,1.0696,1.6077,1.0455
2020-12-21,1.308,1.2252,0.6344,0.9665,1.0681,1.096,1.244,1.066,1.5884,1.0365
2020-12-22,1.3019,1.2177,0.6195,0.9522,1.0553,1.0893,1.2345,1.0753,1.5883,1.0328
2020-12-23,1.309,1.2199,0.6367,0.975,1.0589,1.0942,1.2254,1.0612,1.5759,1.0292
2020-12-24,1.3131,1.2219,0.6306,0.9734,1.0605,1.089,1.2324,1.072,1.5856,1.0362
2020-12-28,1.312,1.2424,0.6274,0.9808,1.0606,1.0854,1.2212,1.0823,1.5798,1.0378
2020-12-29,1.3161,1.2401,0.6226,0.977,1.0696,1.0778,1.2236,1.076,1.5966,1.037
2020-12-30,1.3218,1.2475,0.6354,0.9838,1.0684,1.0822,1.2398,1.0812,1.6036,1.0434
2020-12-31,1.3383,1.2515,0.6283,0.9941,1.0862,1.0875,1.2445,1.0968,1.6132,1.0597
2021-01-04,1.3149,1.2298,0.6299,0.9885,1.0835,1.0599,1.2417,1.06,1.5981,1.0321
2021-01-05,1.3177,1.2296,0.6661,0.9995,1.0894,1.0737,1.2692,1.0606,1.6215,1.0323
2021-01-06,1.3127,1.228,0.692,1.0465,1.1029,1.0994,1.3168,1.039,1.5815,1.0562
2021-01-07,1.3332,1.227,0.7041,1.0647,1.1145,1.0914,1.3282,1.0469,1.6406,1.0458
2021-01-08,1.345,1.2405,0.7034,1.0616,1.1198,1.0851,1.3172,1.0645,1.6406,1.0513
2021-01-11,1.3331,1.2366,0.7114,1.0646,1.1245,1.0865,1.3295,1.0494,1.6492,1.042
2021-01-12,1.302,1.2271,0.7483,1.0717,1.1145,1.103,1.3568,1.0412,1.6451,1.0274
2021-01-13,1.2965,1.2218,0.7428,1.0705,1.1238,1.0946,1.331,1.0496,1.6634,1.0448
2021-01-14,1.2917,1.2072,0.7704,1.074,1.1278,1.1015,1.3283,1.048,1.6661,1.0427
2021-01-15,1.2926,1.1983,0.7307,1.0449,1.1384,1.079,1.3077,1.0669,1.6272,1.0522
2021-01-19,1.3044,1.1944,0.7477,1.0419,1.1599,1.0893,1.3174,1.0622,1.651,1.0525
2021-01-20,1.3282,1.2136,0.7484,1.0315,1.1665,1.0937,1.332,1.0799,1.6721,1.0571
2021-01-21,1.3233,1.2065,0.7152,1.0269,1.1564,1.0842,1.3055,1.0774,1.7187,1.0534
2021-01-22,1.3206,1.2034,0.712,1.0225,1.156,1.0795,1.3035,1.0837,1.6831,1.0602
2021-01-25,1.325,1.1992,0.705,1.0138,1.167,1.0748,1.3021,1.098,1.6841,1.0811
2021-01-26,1.3321,1.1992,0.6832,1.0027,1.1572,1.0858,1.2778,1.1162,1.6776,1.0706
2021-01-27,1.2952,1.1574,0.6722,0.9636,1.1234,1.0793,1.2454,1.1015,1.6042,1.0458
2021-01-28,1.3195,1.18,0.6847,0.98,1.1353,1.0776,1.2525,1.1003,1.6255,1.0521
2021-01-29,1.3046,1.1596,0.6631,0.9558,1.1325,1.0523,1.2203,1.0946,1.6105,1.055
2021-02-01,1.3182,1.1709,0.6694,0.9654,1.1284,1.058,1.2097,1.1241,1.6499,1.056
2021-02-02,1.3434,1.1979,0.6777,0.9992,1.1281,1.0881,1.2396,1.1268,1.687,1.0636
2021-02-03,1.3135,1.1939,0.7119,1.0064,1.129,1.0929,1.2377,1.1196,1.6736,1.0612
2021-02-04,1.3193,1.2121,0.7229,1.0366,1.1324,1.107,1.2485,1.1216,1.6609,1.0692
2021-02-05,1.32,1.234,0.7323,1.0382,1.1484,1.11,1.2627,1.1211,1.6529,1.0766
2021-02-08,1.3338,1.2451,0.7745,1.0539,1.1426,1.1244,1.2738,1.1219,1.6972,1.07
2021-02-09,1.3239,1.2401,0.7674,1.0539,1.1376,1.1312,1.2618,1.1327,1.6874,1.067
2021-02-10,1.3202,1.239,0.7823,1.0552,1.1361,1.1241,1.2555,1.1322,1.7014,1.0695
2021-02-11,1.3251,1.2458,0.771,1.0532,1.135,1.1172,1.2542,1.1281,1.727,1.0626
2021-02-12,1.329,1.2405,0.7812,1.0648,1.1418,1.1257,1.2679,1.1278,1.7384,1.0528
2021-02-16,1.3161,1.24,0.8023,1.0833,1.1273,1.137,1.2636,1.1153,1.7422,1.0385
2021-02-17,1.321,1.2431,0.8133,1.0958,1.1381,1.1321,1.2591,1.1209,1.7103,1.0434
2021-02-18,1.3229,1.2288,0.787,1.0951,1.1314,1.1227,1.2521,1.123,1.6983,1.0526
2021-02-19,1.3077,1.2187,0.796,1.1072,1.1178,1.1468,1.2682,1.1217,1.7079,1.0331
2021-02-22,1.2945,1.218,0.8295,1.1168,1.122,1.161,1.2843,1.1251,1.645,1.0189
2021-02-23,1.293,1.2184,0.8365,1.125,1.1154,1.163,1.2772,1.1232,1.6347,1.0242
2021-02-24,1.2904,1.222,0.8795,1.1599,1.1212,1.195,1.2996,1.1216,1.6781,1.0107
2021-02-25,1.2737,1.2067,0.8555,1.1381,1.1115,1.172,1.2719,1.1132,1.5928,1.0063
2021-02-26,1.2649,1.2047,0.8395,1.1107,1.0956,1.1525,1.2551,1.0816,1.6145,0.9872
2021-03-01,1.2929,1.2219,0.8625,1.1408,1.1065,1.1876,1.2893,1.0763,1.6506,1.0103
2021-03-02,1.2913,1.2189,0.8587,1.1433,1.108,1.1805,1.3022,1.0716,1.6151,1.0089
2021-03-03,1.2676,1.2043,0.8732,1.154,1.0984,1.1935,1.2975,1.0508,1.5572,0.9991
2021-03-04,1.2579,1.1917,0.8967,1.1403,1.0867,1.1874,1.2737,1.0447,1.5108,0.9929
2021-03-05,1.2801,1.2043,0.931,1.1507,1.1045,1.2064,1.3085,1.0538,1.5344,1.0089
2021-03-08,1.2658,1.2229,0.9289,1.1759,1.1039,1.2177,1.3324,1.0495,1.4615,1.0278
2021-03-09,1.2801,1.2183,0.9136,1.1644,1.107,1.2169,1.338,1.0672,1.5433,1.0409
2021-03-10,1.2856,1.2337,0.9354,1.1946,1.1093,1.2315,1.3604,1.0713,1.5315,1.0454
2021-03-11,1.2889,1.2385,0.9419,1.1922,1.1101,1.2216,1.364,1.0909,1.5834,1.0392
2021-03-12,1.2923,1.2421,0.9379,1.2105,1.1074,1.2559,1.3766,1.11,1.5683,1.051
2021-03-15,1.2914,1.254,0.9203,1.2015,1.1299,1.2685,1.383,1.1255,1.5929,1.0628
2021-03-16,1.3062,1.2568,0.8932,1.1935,1.1406,1.2468,1.3836,1.1408,1.6082,1.0673
2021-03-17,1.2957,1.2544,0.9025,1.2037,1.1342,1.2702,1.4108,1.1327,1.6149,1.0491
2021-03-18,1.2745,1.2348,0.8555,1.2172,1.1312,1.2559,1.4018,1.1317,1.5537,1.0461
2021-03-19,1.2737,1.225,0.859,1.1848,1.138,1.2448,1.3944,1.1146,1.5653,1.046
2021-03-22,1.293,1.2335,0.8546,1.1717,1.153,1.2432,1.3882,1.1346,1.6027,1.0497
2021-03-23,1.2947,1.228,0.8383,1.1514,1.1372,1.2126,1.3587,1.1508,1.5835,1.0663
2021-03-24,1.2777,1.2118,0.8588,1.1486,1.1285,1.2139,1.3777,1.1429,1.5395,1.0648
2021-03-25,1.2823,1.2159,0.8576,1.1653,1.1312,1.2402,1.4016,1.1468,1.5357,1.074
2021-03-26,1.2905,1.2355,0.8834,1.1772,1.1559,1.2559,1.4497,1.1759,1.5881,1.0797
2021-03-29,1.3007,1.2398,0.8691,1.1606,1.1659,1.263,1.448,1.1844,1.5839,1.0929
2021-03-30,1.3038,1.2374,0.8631,1.1745,1.1501,1.2738,1.4451,1.1731,1.5684,1.0793
2021-03-31,1.2984,1.2318,0.8525,1.1622,1.1498,1.2715,1.4365,1.1732,1.6041,1.0873
2021-04-01,1.3181,1.236,0.8727,1.1755,1.1555,1.2755,1.453,1.1938,1.6466,1.0893
2021-04-05,1.3397,1.2523,0.8455,1.1756,1.1542,1.2905,1.4637,1.2059,1.674,1.0987
2021-04-06,1.344,1.2655,0.8443,1.1827,1.1461,1.2832,1.4641,1.2053,1.6605,1.1051
2021-04-07,1.3404,1.2615,0.8446,1.1861,1.1439,1.2787,1.4438,1.2086,1.6785,1.1035
2021-04-08,1.3361,1.2546,0.8316,1.1946,1.1402,1.285,1.4396,1.2022,1.698,1.1026
2021-04-09,1.3291,1.2594,0.8283,1.2028,1.1501,1.2928,1.4445,1.2034,1.7071,1.1023
2021-04-12,1.3308,1.262,0.8203,1.2041,1.15,1.2936,1.448,1.2142,1.6885,1.1024
2021-04-13,1.3318,1.2563,0.8188,1.1884,1.1561,1.2923,1.4453,1.2241,1.7104,1.116
2021-04-14,1.3253,1.256,0.8494,1.2159,1.153,1.2954,1.4493,1.2129,1.6801,1.1188
2021-04-15,1.3366,1.2626,0.8358,1.2192,1.1673,1.2976,1.4684,1.2391,1.7384,1.1306
2021-04-16,1.3377,1.2718,0.826,1.2312,1.1772,1.294,1.4848,1.2407,1.7307,1.1402
2021-04-19,1.3272,1.267,0.8279,1.2352,1.1766,1.2877,1.4798,1.246,1.6951,1.1354
2021-04-20,1.3259,1.2502,0.797,1.202,1.1762,1.2661,1.466,1.2662,1.6723,1.1521
2021-04-21,1.3316,1.2599,0.8174,1.2223,1.1882,1.2808,1.501,1.2684,1.6974,1.141
2021-04-22,1.344,1.2527,0.8052,1.2096,1.177,1.2748,1.4537,1.2714,1.6582,1.1318
2021-04-23,1.3478,1.2591,0.8144,1.2378,1.1805,1.2881,1.4755,1.2798,1.677,1.1311
2021-04-26,1.3432,1.2527,0.8223,1.2469,1.1777,1.2845,1.4802,1.2762,1.6984,1.1242
2021-04-27,1.3388,1.2552,0.8299,1.2577,1.1713,1.3039,1.4783,1.2713,1.6896,1.1177
2021-04-28,1.3389,1.2419,0.8587,1.2678,1.1533,1.3007,1.484,1.2693,1.6759,1.114
2021-04-29,1.3651,1.2605,0.866,1.29,1.136,1.3072,1.49,1.2825,1.6957,1.1269
2021-04-30,1.351,1.2591,0.8397,1.2702,1.1415,1.302,1.4801,1.2909,1.6608,1.1379
2021-05-03,1.3429,1.2682,0.866,1.2723,1.1654,1.3222,1.5208,1.2809,1.6364,1.1364
2021-05-04,1.3293,1.2561,0.8667,1.279,1.1612,1.3237,1.5515,1.274,1.6077,1.1314
2021-05-05,1.3415,1.2513,0.9059,1.2876,1.1772,1.3274,1.5804,1.2554,1.6053,1.1127
2021-05-06,1.3656,1.2612,0.9082,1.312,1.1805,1.33,1.6089,1.2535,1.6121,1.1212
2021-05-07,1.3738,1.2711,0.929,1.3183,1.1848,1.347,1.6291,1.2672,1.6328,1.1236
2021-05-10,1.3633,1.2706,0.9216,1.3055,1.1869,1.3508,1.638,1.2664,1.5721,1.1349
2021-05-11,1.3643,1.2617,0.8901,1.2848,1.1797,1.3302,1.6429,1.2532,1.5737,1.1253
2021-05-12,1.3456,1.2343,0.9012,1.2686,1.1769,1.3023,1.5976,1.228,1.5268,1.0995
2021-05-13,1.3507,1.2433,0.8824,1.29,1.1908,1.3226,1.6329,1.2375,1.5281,1.1211
2021-05-14,1.3697,1.246,0.915,1.315,1.1907,1.34,1.6624,1.2466,1.5702,1.1226
2021-05-17,1.3446,1.2397,0.9436,1.3235,1.1961,1.3409,1.7012,1.2491,1.5653,1.1107
2021-05-18,1.3167,1.2418,0.9202,1.3043,1.1936,1.3253,1.6852,1.2517,1.5548,1.1103
2021-05-19,1.3267,1.2325,0.8935,1.2888,1.1862,1.3211,1.6651,1.2525,1.5705,1.1079
2021-05-20,1.3545,1.2431,0.8909,1.2888,1.1986,1.3224,1.6649,1.274,1.6057,1.1172
2021-05-21,1.3537,1.2411,0.8952,1.3034,1.1909,1.3357,1.6703,1.27,1.6059,1.1239
2021-05-24,1.3622,1.2509,0.9022,1.3141,1.1826,1.3426,1.687,1.2827,1.6353,1.1181
2021-05-25,1.36,1.2552,0.8828,1.3044,1.1678,1.3394,1.6631,1.289,1.6441,1.108
2021-05-26,1.3746,1.2618,0.8935,1.3078,1.1612,1.3492,1.6689,1.2907,1.6471,1.1059
2021-05-27,1.3809,1.2676,0.8952,1.3196,1.1456,1.3838,1.6741,1.287,1.6434,1.1001
2021-05-28,1.3772,1.2679,0.8958,1.3233,1.1525,1.376,1.6766,1.2948,1.6693,1.1051
2021-06-01,1.3723,1.2626,0.9425,1.3373,1.1198,1.3868,1.7178,1.3115,1.6642,1.0969
2021-06-02,1.3593,1.2591,0.9684,1.3395,1.1266,1.3857,1.6859,1.3323,1.6843,1.1055
2021-06-03,1.3594,1.2549,0.976,1.3409,1.1399,1.381,1.6961,1.3317,1.667,1.1122
2021-06-04,1.3833,1.2605,0.9782,1.3504,1.1453,1.3797,1.7038,1.338,1.7052,1.1109
2021-06-07,1.3799,1.2566,0.9725,1.3472,1.1444,1.3768,1.6889,1.3459,1.7041,1.112
2021-06-08,1.3806,1.2513,0.9804,1.3405,1.1373,1.3729,1.6901,1.3455,1.7006,1.0952
2021-06-09,1.3824,1.2456,0.9714,1.3305,1.1547,1.3456,1.6728,1.3498,1.6952,1.1045
2021-06-10,1.386,1.25,0.9699,1.3157,1.1752,1.3371,1.6655,1.3657,1.7226,1.1127
2021-06-11,1.3901,1.2564,0.9662,1.3266,1.1699,1.3307,1.6605,1.3512,1.737,1.1128
2021-06-14,1.3943,1.255,0.9621,1.3107,1.1693,1.3174,1.6335,1.3623,1.7609,1.117
2021-06-15,1.3779,1.2468,0.9831,1.3117,1.1693,1.3215,1.6263,1.3494,1.7407,1.1206
2021-06-16,1.3585,1.2357,0.9893,1.3091,1.1679,1.3048,1.5999,1.3341,1.7301,1.1056
2021-06-17,1.3572,1.2352,0.9471,1.268,1.1726,1.2783,1.5438,1.3473,1.7717,1.1129
2021-06-18,1.349,1.2175,0.9219,1.2356,1.1602,1.2663,1.5173,1.3304,1.7653,1.0852
2021-06-21,1.3593,1.2305,0.9641,1.266,1.1704,1.3,1.5451,1.3531,1.7576,1.101
2021-06-22,1.3608,1.2384,0.9722,1.2684,1.1662,1.2977,1.5425,1.3466,1.7788,1.0964
2021-06-23,1.34,1.2376,0.9787,1.2734,1.1601,1.2913,1.5356,1.3417,1.7793,1.0846
2021-06-24,1.3502,1.2461,0.9903,1.2946,1.1699,1.3132,1.539,1.3385,1.8058,1.0819
2021-06-25,1.3503,1.2904,0.9986,1.311,1.1751,1.3091,1.543,1.3504,1.7996,1.0946
2021-06-28,1.3624,1.2816,0.9636,1.3005,1.1798,1.2967,1.5366,1.3556,1.845,1.0997
2021-06-29,1.3654,1.2805,0.9598,1.3063,1.183,1.2971,1.5368,1.3548,1.8603,1.0811
2021-06-30,1.3664,1.2879,0.9696,1.3162,1.1873,1.3156,1.5471,1.3384,1.8718,1.0822
2021-07-01,1.3738,1.2958,0.9955,1.319,1.1979,1.3185,1.556,1.34,1.8662,1.0934
2021-07-02,1.3798,1.3045,0.9912,1.3203,1.2058,1.3168,1.5588,1.3519,1.8919,1.0939
2021-07-06,1.3705,1.3,0.9514,1.2967,1.1991,1.2981,1.5321,1.3694,1.8892,1.1011
2021-07-07,1.3738,1.3037,0.9331,1.2945,1.2041,1.3035,1.5498,1.3752,1.869,1.1048
2021-07-08,1.3617,1.3007,0.9325,1.2669,1.1994,1.2991,1.5256,1.3723,1.8489,1.1042
2021-07-09,1.3624,1.3139,0.9492,1.3042,1.2032,1.3204,1.5621,1.3872,1.8679,1.1028
2021-07-12,1.3689,1.328,0.9469,1.3209,1.2008,1.3173,1.5665,1.3987,1.8812,1.1062
2021-07-13,1.3724,1.3326,0.9412,1.3155,1.2015,1.2946,1.5557,1.3831,1.8746,1.1004
2021-07-14,1.3712,1.3406,0.9072,1.327,1.2006,1.2889,1.5535,1.3934,1.8689,1.112
2021-07-15,1.366,1.3412,0.8934,1.3383,1.2032,1.287,1.5558,1.3973,1.8312,1.126
2021-07-16,1.3698,1.3301,0.865,1.3159,1.2085,1.2659,1.5172,1.4021,1.8012,1.1364
2021-07-19,1.3452,1.306,0.8337,1.2755,1.2012,1.2364,1.4813,1.3897,1.8095,1.1223
2021-07-20,1.3495,1.3212,0.8463,1.3116,1.2031,1.2742,1.4911,1.4057,1.8184,1.1225
2021-07-21,1.3539,1.3299,0.8849,1.3393,1.2017,1.2915,1.5062,1.3938,1.8591,1.1115
2021-07-22,1.3588,1.3389,0.8762,1.3279,1.2025,1.2789,1.5103,1.3829,1.8759,1.1117
2021-07-23,1.3698,1.3569,0.8731,1.3283,1.2164,1.2802,1.5133,1.3965,1.867,1.127
2021-07-26,1.3734,1.3596,0.8961,1.3412,1.2085,1.2907,1.5365,1.3949,1.8633,1.1297
2021-07-27,1.3578,1.3608,0.8844,1.3417,1.2116,1.2688,1.5426,1.4048,1.8425,1.1488
2021-07-28,1.3631,1.3503,0.893,1.3375,1.2193,1.2754,1.5491,1.3936,1.8808,1.141
2021-07-29,1.3631,1.3534,0.8999,1.3512,1.2141,1.2795,1.5764,1.3906,1.9307,1.1434
2021-07-30,1.3696,1.3491,0.8817,1.3392,1.2022,1.2593,1.578,1.3929,1.9367,1.1347
2021-08-02,1.3702,1.3467,0.8752,1.3322,1.1966,1.2491,1.562,1.3919,1.9461,1.1425
2021-08-03,1.3398,1.3472,0.8895,1.3415,1.2109,1.2707,1.5882,1.3983,1.9634,1.1477
2021-08-04,1.3295,1.3399,0.8632,1.3306,1.1867,1.2539,1.5724,1.3938,1.9965,1.1481
2021-08-05,1.3224,1.358,0.8743,1.353,1.1945,1.261,1.5583,1.3989,1.9849,1.1592
2021-08-06,1.3263,1.3572,0.8837,1.3852,1.1868,1.2709,1.5739,1.3927,1.9701,1.1561
2021-08-09,1.3282,1.3531,0.8676,1.3873,1.1841,1.2676,1.5766,1.3951,1.961,1.1552
2021-08-10,1.3319,1.3574,0.884,1.4029,1.1872,1.2854,1.6148,1.3833,1.9418,1.1593
2021-08-11,1.341,1.3608,0.8954,1.4197,1.1848,1.3038,1.6512,1.3898,1.9478,1.1692
2021-08-12,1.3417,1.3596,0.8918,1.4221,1.1976,1.3034,1.652,1.3999,1.9497,1.171
2021-08-13,1.3444,1.3691,0.877,1.4109,1.2045,1.2928,1.6538,1.4127,1.9755,1.1777
2021-08-16,1.3389,1.3725,0.8587,1.4034,1.2206,1.2883,1.6479,1.4222,1.9581,1.19
2021-08-17,1.3469,1.3614,0.8477,1.3899,1.2327,1.2686,1.6208,1.4296,1.932,1.1912
2021-08-18,1.3348,1.3481,0.8297,1.3701,1.2128,1.2525,1.6011,1.4173,1.8943,1.1855
2021-08-19,1.3359,1.3411,0.8052,1.3548,1.2162,1.2309,1.5811,1.4314,1.9145,1.1918
2021-08-20,1.3371,1.3496,0.8053,1.3613,1.2215,1.2343,1.5835,1.4387,1.9444,1.2055
2021-08-23,1.3488,1.3551,0.8397,1.3759,1.2234,1.2498,1.6083,1.4257,2.0015,1.1891
2021-08-24,1.3471,1.3517,0.8559,1.3909,1.219,1.2623,1.6248,1.407,1.9999,1.1798
2021-08-25,1.3351,1.3528,0.8624,1.4041,1.2111,1.2669,1.6169,1.4007,2.0081,1.1822
2021-08-26,1.3209,1.3371,0.8487,1.3972,1.2109,1.255,1.6054,1.4004,1.9897,1.1805
2021-08-27,1.33,1.3449,0.8769,1.4186,1.2076,1.2704,1.6322,1.4095,2.0316,1.1778
2021-08-30,1.329,1.3513,0.8653,1.3951,1.2168,1.2643,1.6253,1.4274,2.0403,1.1799
2021-08-31,1.3425,1.3537,0.8607,1.3806,1.2215,1.2665,1.6119,1.4376,2.0343,1.1782
2021-09-01,1.3471,1.3578,0.8492,1.3622,1.2005,1.2565,1.6058,1.461,2.0323,1.1938
2021-09-02,1.3494,1.3556,0.8769,1.3654,1.2094,1.2748,1.6131,1.4675,2.0246,1.2023
2021-09-03,1.348,1.3543,0.8672,1.3591,1.2089,1.2646,1.603,1.4688,2.0335,1.1929
2021-09-07,1.3324,1.3464,0.8613,1.3589,1.1903,1.2402,1.5885,1.4509,2.0228,1.1756
2021-09-08,1.3304,1.3536,0.8441,1.3518,1.1943,1.2353,1.5644,1.4639,2.0031,1.197
2021-09-09,1.3143,1.3562,0.8454,1.356,1.1708,1.2285,1.5612,1.4293,1.9952,1.1945
2021-09-10,1.3096,1.3531,0.846,1.3497,1.1691,1.2247,1.5636,1.41,2.0018,1.1776
2021-09-13,1.3118,1.348,0.8791,1.3692,1.1699,1.2392,1.5593,1.4119,1.9967,1.1723
2021-09-14,1.2885,1.341,0.8662,1.3557,1.1664,1.2135,1.5331,1.4113,1.9921,1.1661
2021-09-15,1.2797,1.3343,0.9033,1.3711,1.1789,1.2302,1.556,1.4157,1.9995,1.164
2021-09-16,1.2816,1.3307,0.8935,1.3612,1.1745,1.2222,1.5418,1.4141,2.0008,1.1532
2021-09-17,1.2741,1.321,0.8835,1.3533,1.1747,1.2102,1.5059,1.396,1.9614,1.1308
2021-09-20,1.2517,1.3012,0.8534,1.3235,1.1624,1.1913,1.4618,1.3901,1.9189,1.1296
2021-09-21,1.2344,1.293,0.8578,1.3282,1.1674,1.1795,1.4552,1.3895,1.9252,1.1269
2021-09-22,1.2388,1.3026,0.8867,1.3558,1.1622,1.1915,1.4685,1.3928,1.9401,1.1256
2021-09-23,1.2527,1.3122,0.9205,1.385,1.1712,1.2174,1.4829,1.3771,1.9656,1.1199
2021-09-24,1.2546,1.2953,0.9287,1.3896,1.1675,1.2211,1.478,1.3593,1.9536,1.1179
2021-09-27,1.2604,1.292,0.9648,1.4035,1.1579,1.2312,1.5057,1.3323,1.9449,1.1039
2021-09-28,1.2533,1.2695,0.9734,1.3703,1.151,1.224,1.4925,1.3223,1.8726,1.0944
2021-09-29,1.2757,1.2705,0.9711,1.3698,1.1672,1.2283,1.4799,1.3332,1.8589,1.1089
2021-09-30,1.2835,1.2555,0.9561,1.3466,1.1566,1.1966,1.4653,1.3143,1.8684,1.0986
2021-10-01,1.2987,1.2732,0.9897,1.3717,1.1739,1.2135,1.4745,1.3212,1.8717,1.1001
2021-10-04,1.2919,1.2637,1.0045,1.3543,1.1685,1.2026,1.481,1.3251,1.8248,1.1158
2021-10-05,1.3036,1.2701,1.0113,1.3768,1.1666,1.2067,1.4963,1.3182,1.8545,1.1117
2021-10-06,1.2894,1.2769,0.9969,1.381,1.1629,1.2073,1.4798,1.3388,1.8698,1.131
2021-10-07,1.3084,1.2905,1.0083,1.3883,1.1741,1.2169,1.4994,1.3384,1.8932,1.1259
2021-10-08,1.2978,1.2899,1.0388,1.3964,1.1714,1.2156,1.4915,1.3238,1.876,1.1176
2021-10-11,1.2649,1.2811,1.0361,1.3707,1.1622,1.2081,1.4859,1.3268,1.8624,1.1022
2021-10-12,1.2535,1.2856,1.0338,1.3672,1.1505,1.1975,1.4909,1.351,1.8534,1.1074
2021-10-13,1.2528,1.2879,1.0286,1.3629,1.1508,1.1984,1.4974,1.3584,1.8864,1.1195
2021-10-14,1.265,1.2986,1.0383,1.366,1.16,1.2153,1.5283,1.3791,1.9439,1.1303
2021-10-15,1.2623,1.3027,1.0435,1.4056,1.1602,1.2298,1.5331,1.3739,1.9568,1.1244
2021-10-18,1.2562,1.3012,1.0537,1.4162,1.1401,1.2273,1.5318,1.3816,1.9863,1.1141
2021-10-19,1.2704,1.3055,1.0657,1.4285,1.1595,1.2325,1.5413,1.3914,2.0083,1.1339
2021-10-20,1.2897,1.3111,1.0756,1.4246,1.177,1.2415,1.5595,1.4131,2.0029,1.1514
2021-10-21,1.2896,1.3199,1.0586,1.421,1.1811,1.2352,1.5479,1.4233,2.0349,1.1574
2021-10-22,1.2868,1.3226,1.0701,1.4356,1.1862,1.2389,1.5458,1.4345,1.9885,1.1575
2021-10-25,1.2908,1.3302,1.0895,1.4383,1.1857,1.246,1.5728,1.4449,2.0072,1.1497
2021-10-26,1.2873,1.3289,1.0967,1.4419,1.1939,1.2613,1.5839,1.453,2.024,1.1552
2021-10-27,1.2724,1.3224,1.0572,1.3996,1.1829,1.2324,1.5483,1.4367,2.0105,1.1483
2021-10-28,1.2735,1.3294,1.0702,1.4085,1.2029,1.2514,1.5474,1.4563,2.0236,1.1541
2021-10-29,1.266,1.3196,1.0628,1.4072,1.2112,1.2472,1.54,1.4399,2.0434,1.1473
2021-11-01,1.2797,1.3288,1.082,1.4187,1.2172,1.2595,1.544,1.4397,2.0682,1.1488
2021-11-02,1.2773,1.3342,1.07,1.419,1.2279,1.2618,1.576,1.4568,2.0893,1.1494
2021-11-03,1.2909,1.3465,1.0601,1.4165,1.2412,1.2612,1.6027,1.4529,2.1261,1.1483
2021-11-04,1.3053,1.3538,1.0647,1.3894,1.2389,1.2544,1.5973,1.4445,2.2687,1.1405
2021-11-05,1.3012,1.3762,1.0755,1.4003,1.2038,1.2778,1.6176,1.4332,2.2821,1.1527
2021-11-08,1.2876,1.3611,1.0906,1.4091,1.2054,1.2864,1.628,1.4359,2.3603,1.1388
2021-11-09,1.2903,1.3608,1.0893,1.3886,1.2049,1.2862,1.634,1.4385,2.3548,1.1434
2021-11-10,1.2876,1.3487,1.0523,1.3868,1.2197,1.2779,1.6295,1.4368,2.2697,1.1539
2021-11-11,1.2963,1.3235,1.0525,1.3882,1.2169,1.2755,1.6528,1.4409,2.312,1.1422
2021-11-12,1.3,1.3215,1.0513,1.3957,1.2198,1.2844,1.6554,1.4419,2.3278,1.1394
2021-11-15,1.2753,1.3181,1.058,1.3973,1.2169,1.2919,1.6427,1.4404,2.3295,1.1508
2021-11-16,1.2738,1.3157,1.0609,1.3977,1.2165,1.2734,1.6383,1.4313,2.3986,1.1433
2021-11-17,1.2678,1.31,1.0431,1.3597,1.2124,1.2631,1.6286,1.4455,2.3809,1.1475
2021-11-18,1.2543,1.3073,1.0392,1.3545,1.2104,1.2538,1.629,1.4436,2.434,1.142
2021-11-19,1.2305,1.3024,0.9939,1.3356,1.206,1.2395,1.6288,1.4417,2.4629,1.1463
2021-11-22,1.2112,1.3092,1.0147,1.356,1.2051,1.2431,1.6468,1.4334,2.4213,1.1518
2021-11-23,1.2221,1.3096,1.0482,1.3847,1.2182,1.2492,1.6452,1.442,2.3955,1.1549
2021-11-24,1.2119,1.31,1.0561,1.3829,1.2148,1.247,1.6293,1.4613,2.4428,1.1536
2021-11-26,1.2103,1.2798,1.0077,1.3334,1.2,1.206,1.6093,1.4329,2.3884,1.1374
2021-11-29,1.2066,1.2823,1.0134,1.3313,1.1961,1.2033,1.6131,1.4531,2.4907,1.1536
2021-11-30,1.1723,1.2621,0.9899,1.3004,1.1774,1.1752,1.5668,1.4261,2.44,1.1187
2021-12-01,1.1421,1.2442,0.979,1.2896,1.1813,1.1524,1.5428,1.4125,2.3665,1.1175
2021-12-02,1.1755,1.265,1.0062,1.3355,1.1875,1.1879,1.5647,1.4484,2.4048,1.1331
2021-12-03,1.1977,1.2697,0.9994,1.3167,1.1944,1.1827,1.5842,1.4476,2.3186,1.1464
2021-12-06,1.2045,1.289,1.0195,1.3445,1.211,1.2118,1.5976,1.4657,2.3105,1.1662
2021-12-07,1.1971,1.3006,1.0435,1.3787,1.2109,1.2261,1.623,1.4875,2.4234,1.1735
2021-12-08,1.1951,1.2997,1.0435,1.3679,1.2174,1.2287,1.6263,1.4906,2.4076,1.1729
2021-12-09,1.1772,1.2967,1.0326,1.371,1.2221,1.2255,1.6257,1.4714,2.3358,1.1717
2021-12-10,1.1811,1.3124,1.043,1.3695,1.2251,1.2242,1.636,1.4846,2.3541,1.178
2021-12-13,1.1769,1.314,1.0089,1.345,1.2346,1.196,1.6306,1.5131,2.3021,1.1946
2021-12-14,1.1873,1.3102,1.0037,1.3553,1.2389,1.1887,1.6334,1.4977,2.2746,1.1887
2021-12-15,1.1943,1.3127,0.9978,1.3583,1.2636,1.1935,1.6006,1.5167,2.3839,1.21
2021-12-16,1.2216,1.3037,1.0045,1.3794,1.2775,1.1992,1.6528,1.5323,2.2507,1.2185
2021-12-17,1.221,1.2777,0.9789,1.3356,1.2738,1.1868,1.6464,1.5285,2.2258,1.1989
2021-12-20,1.23,1.2656,0.9653,1.3094,1.273,1.1634,1.6105,1.5309,2.2034,1.2048
2021-12-21,1.2454,1.2962,0.9969,1.3405,1.2677,1.1942,1.6201,1.5269,2.2762,1.1982
2021-12-22,1.2444,1.3011,1.0033,1.3489,1.2836,1.2026,1.6316,1.5399,2.2917,1.2001
2021-12-23,1.2516,1.3055,1.0042,1.355,1.2873,1.2204,1.6509,1.5352,2.3138,1.1993
2021-12-27,1.2533,1.3158,1.0242,1.3657,1.3,1.2267,1.678,1.5721,2.3815,1.205
2021-12-28,1.2536,1.326,1.0236,1.3628,1.3,1.2332,1.6823,1.5809,2.3558,1.2169
2021-12-29,1.2517,1.3312,1.0156,1.358,1.3081,1.2307,1.6914,1.5904,2.3399,1.2214
2021-12-30,1.2539,1.3308,1.0109,1.3555,1.3072,1.226,1.6907,1.5943,2.3151,1.2251
2021-12-31,1.2406,1.3341,1.0134,1.3496,1.2996,1.225,1.698,1.5992,2.3037,1.2287
2022-01-03,1.2546,1.3338,1.0554,1.3908,1.2992,1.237,1.6769,1.5748,2.3567,1.2178
2022-01-04,1.2605,1.3289,1.1023,1.4303,1.2931,1.273,1.6993,1.5593,2.3187,1.2144
2022-01-05,1.2516,1.3183,1.0923,1.4099,1.2964,1.2701,1.7124,1.5038,2.2369,1.2184
2022-01-06,1.2343,1.3188,1.1192,1.4281,1.2928,1.2724,1.6832,1.5129,2.246,1.2057
2022-01-07,1.232,1.3071,1.1399,1.4372,1.299,1.2882,1.6808,1.505,2.1961,1.2194
2022-01-10,1.1892,1.2904,1.1347,1.4367,1.3146,1.2616,1.6701,1.4992,2.2244,1.2112
2022-01-11,1.2153,1.2868,1.1817,1.455,1.3177,1.2755,1.6797,1.4909,2.2723,1.2024
2022-01-12,1.2309,1.2885,1.1822,1.4432,1.3118,1.2817,1.695,1.4992,2.279,1.2066
2022-01-13,1.2291,1.2817,1.1715,1.4424,1.2982,1.2966,1.6887,1.4881,2.2142,1.2121
2022-01-14,1.2266,1.2692,1.2083,1.4352,1.3046,1.2948,1.6813,1.4736,2.255,1.2067
2022-01-18,1.2259,1.2551,1.2171,1.3909,1.2971,1.2923,1.6588,1.4652,2.1839,1.1898
2022-01-19,1.2431,1.2491,1.2115,1.3621,1.2844,1.2674,1.6579,1.4557,2.1357,1.1972
2022-01-20,1.2424,1.2322,1.2003,1.3691,1.2685,1.2435,1.6121,1.4417,2.0668,1.1978
2022-01-21,1.231,1.2139,1.1729,1.3369,1.2677,1.2238,1.5666,1.447,2.0303,1.1973
2022-01-24,1.236,1.2218,1.1796,1.3356,1.2587,1.227,1.5784,1.4506,2.0504,1.1881
2022-01-25,1.2155,1.2107,1.2415,1.3412,1.2612,1.2109,1.5731,1.4545,1.981,1.1654
2022-01-26,1.1832,1.1961,1.2474,1.3537,1.2475,1.1847,1.5595,1.4249,1.9951,1.1542
2022-01-27,1.1848,1.2001,1.2586,1.353,1.2574,1.1746,1.5716,1.401,1.9032,1.1639
2022-01-28,1.2136,1.2205,1.2564,1.3952,1.284,1.1636,1.58,1.459,1.9586,1.1762
2022-01-31,1.225,1.2392,1.2552,1.3997,1.2853,1.1907,1.5912,1.4699,2.0626,1.2011
2022-02-01,1.2078,1.2434,1.2999,1.4332,1.2873,1.2491,1.6348,1.4552,2.0799,1.1821
2022-02-02,1.23,1.2408,1.3027,1.4402,1.2867,1.2482,1.6586,1.4856,2.1399,1.198
2022-02-03,1.2508,1.2281,1.2916,1.422,1.2742,1.2352,1.642,1.471,2.0594,1.1943
2022-02-04,1.2639,1.2238,1.308,1.4387,1.2638,1.2246,1.6173,1.4526,2.0817,1.1853
2022-02-07,1.2599,1.2249,1.3326,1.4451,1.2619,1.236,1.6203,1.4499,2.075,1.1826
2022-02-08,1.2609,1.2231,1.298,1.458,1.2821,1.2402,1.6616,1.4394,2.1139,1.1844
2022-02-09,1.2779,1.2373,1.3135,1.4741,1.2786,1.2474,1.6913,1.4658,2.1869,1.1894
2022-02-10,1.2647,1.2382,1.3057,1.4589,1.257,1.2381,1.6631,1.4197,2.094,1.1556
2022-02-11,1.2513,1.216,1.3479,1.4367,1.2521,1.2153,1.661,1.4025,1.9706,1.1601
2022-02-14,1.2436,1.2196,1.3142,1.4242,1.2418,1.2088,1.6561,1.3909,1.9805,1.1523
2022-02-15,1.2579,1.2366,1.3001,1.4389,1.2521,1.2353,1.6793,1.3846,2.0724,1.1447
2022-02-16,1.2483,1.241,1.312,1.4296,1.2524,1.2333,1.692,1.3812,2.0555,1.1465
2022-02-17,1.2225,1.2387,1.3107,1.3845,1.2383,1.1952,1.684,1.3668,1.9692,1.1487
2022-02-18,1.2144,1.2372,1.2953,1.3749,1.2269,1.1713,1.6829,1.3594,1.9284,1.1468
2022-02-22,1.2093,1.2192,1.2728,1.3715,1.2301,1.1607,1.6557,1.357,1.9198,1.1481
2022-02-23,1.192,1.1989,1.2847,1.3469,1.2323,1.14,1.642,1.353,1.8657,1.1257
2022-02-24,1.2081,1.2038,1.271,1.3303,1.2204,1.1416,1.6376,1.3723,1.9735,1.1378
2022-02-25,1.2293,1.2237,1.3049,1.3651,1.2552,1.1714,1.7011,1.4042,2.0121,1.1733
2022-02-28,1.2188,1.2113,1.356,1.3358,1.2458,1.1721,1.6844,1.3791,2.0278,1.1802
2022-03-01,1.2081,1.1952,1.3835,1.281,1.2379,1.1349,1.6693,1.3852,1.9535,1.172
2022-03-02,1.2196,1.2132,1.4204,1.3101,1.2544,1.1653,1.7157,1.4064,2.017,1.1815
2022-03-03,1.2144,1.2097,1.4154,1.2999,1.265,1.156,1.7178,1.4277,1.9597,1.2071
2022-03-04,1.2103,1.1997,1.4916,1.2667,1.2694,1.1342,1.7229,1.4433,1.9222,1.2339
2022-03-07,1.2003,1.1526,1.5318,1.2147,1.2568,1.0961,1.6721,1.418,1.8323,1.2598
2022-03-08,1.1783,1.1284,1.5601,1.2193,1.2381,1.1297,1.6497,1.399,1.8391,1.2345
2022-03-09,1.195,1.1543,1.5263,1.2708,1.2467,1.1492,1.687,1.4151,1.917,1.2244
2022-03-10,1.19,1.1525,1.5646,1.2533,1.2352,1.1477,1.699,1.418,1.8714,1.2375
2022-03-11,1.1803,1.1306,1.5545,1.2432,1.2323,1.1422,1.6995,1.4098,1.8229,1.234
2022-03-14,1.1519,1.1145,1.5074,1.2582,1.2454,1.1469,1.6764,1.4069,1.761,1.2293
2022-03-15,1.1659,1.1444,1.448,1.2768,1.2619,1.1617,1.683,1.4122,1.8318,1.2413
2022-03-16,1.1886,1.1728,1.4268,1.3254,1.2634,1.1891,1.6967,1.4265,1.925,1.2372
2022-03-17,1.1959,1.1827,1.4907,1.3365,1.2837,1.2072,1.7293,1.4545,1.929,1.2441
2022-03-18,1.2002,1.1972,1.4868,1.3471,1.2893,1.2081,1.7427,1.4562,1.9747,1.2319
2022-03-21,1.1945,1.185,1.5508,1.3301,1.2902,1.1997,1.7682,1.4534,1.9912,1.2392
2022-03-22,1.2035,1.1958,1.5388,1.3554,1.2927,1.2075,1.7788,1.4548,2.0091,1.2431
2022-03-23,1.1875,1.1822,1.5649,1.3225,1.2736,1.1896,1.79,1.4401,1.942,1.2456
2022-03-24,1.1953,1.1891,1.5579,1.3275,1.2849,1.1968,1.8119,1.4461,2.0523,1.2555
2022-03-25,1.2092,1.1964,1.592,1.342,1.2931,1.2008,1.8253,1.4662,2.0426,1.2721
2022-03-28,1.2204,1.206,1.5402,1.3342,1.299,1.1961,1.8139,1.4915,2.0684,1.2788
2022-03-29,1.2314,1.2308,1.5339,1.3479,1.308,1.2166,1.8289,1.5298,2.1129,1.2902
2022-03-30,1.2267,1.2314,1.5442,1.3214,1.311,1.2166,1.8188,1.5286,2.0507,1.2992
2022-03-31,1.2106,1.2151,1.5209,1.2877,1.3011,1.1937,1.7925,1.5164,1.9921,1.2968
2022-04-01,1.2179,1.2212,1.5374,1.292,1.3095,1.1846,1.8253,1.5505,1.9549,1.3169
2022-04-04,1.235,1.2152,1.535,1.2904,1.3151,1.1832,1.8244,1.5446,2.0089,1.3055
2022-04-05,1.2228,1.1958,1.5049,1.2791,1.3153,1.1523,1.8027,1.5637,1.9351,1.3177
2022-04-06,1.2172,1.1891,1.5137,1.2572,1.3396,1.146,1.7779,1.5999,1.8678,1.3457
2022-04-07,1.2013,1.1927,1.5405,1.2496,1.3625,1.141,1.7921,1.5922,1.872,1.3407
2022-04-08,1.2027,1.1886,1.5956,1.2628,1.3739,1.1371,1.7946,1.5973,1.8281,1.3426
2022-04-11,1.2147,1.1733,1.5315,1.2601,1.3524,1.136,1.7921,1.5764,1.78,1.3215
2022-04-12,1.2121,1.1723,1.5585,1.2461,1.3395,1.1333,1.8094,1.5709,1.7601,1.3279
2022-04-13,1.2247,1.1896,1.5789,1.2502,1.339,1.1466,1.841,1.5711,1.8006,1.3247
2022-04-14,1.2172,1.1941,1.5896,1.2503,1.3425,1.1527,1.8461,1.5675,1.7392,1.324
2022-04-18,1.2037,1.1822,1.6171,1.2668,1.3286,1.1481,1.8519,1.5669,1.7686,1.3158
2022-04-19,1.2263,1.2094,1.5973,1.2858,1.3379,1.1725,1.8634,1.5968,1.81,1.3207
2022-04-20,1.2149,1.1971,1.6031,1.3024,1.3521,1.1715,1.8675,1.6289,1.7801,1.3238
2022-04-21,1.2118,1.1884,1.5454,1.2841,1.3568,1.1665,1.8605,1.6145,1.7187,1.3028
2022-04-22,1.2066,1.1595,1.5176,1.2345,1.3256,1.1331,1.7894,1.5886,1.6783,1.2813
2022-04-25,1.2026,1.1636,1.4564,1.2361,1.335,1.1365,1.7797,1.5757,1.7122,1.2769
2022-04-26,1.1658,1.1294,1.4595,1.2008,1.3188,1.0802,1.7952,1.5518,1.641,1.2643
2022-04-27,1.1589,1.1272,1.48,1.2141,1.3186,1.0652,1.8108,1.55,1.6343,1.2616
2022-04-28,1.1603,1.1487,1.5226,1.2363,1.3209,1.0707,1.8324,1.5751,1.7305,1.28
2022-04-29,1.1097,1.1212,1.4811,1.1938,1.2802,1.0368,1.7926,1.4915,1.6368,1.2407
2022-05-02,1.1307,1.1241,1.5102,1.2016,1.2791,1.0416,1.7736,1.4484,1.7035,1.2285
2022-05-03,1.1361,1.1148,1.544,1.2125,1.2811,1.0585,1.7875,1.4553,1.7082,1.2323
2022-05-04,1.1701,1.1577,1.6124,1.2519,1.3078,1.0952,1.8421,1.4643,1.7879,1.2593
2022-05-05,1.1418,1.1213,1.6017,1.2143,1.2963,1.063,1.7716,1.4296,1.6924,1.2513
2022-05-06,1.1162,1.1022,1.651,1.2084,1.2984,1.0588,1.7522,1.4119,1.6819,1.2614
2022-05-09,1.0784,1.0827,1.4963,1.1823,1.2869,1.0199,1.7085,1.3425,1.5841,1.2539
2022-05-10,1.0754,1.0709,1.5105,1.1723,1.2898,1.0134,1.6813,1.3077,1.6298,1.2366
2022-05-11,1.0949,1.0563,1.5318,1.1624,1.2863,0.999,1.676,1.3064,1.5781,1.2472
2022-05-12,1.1108,1.0559,1.5386,1.1535,1.3126,0.9952,1.6705,1.3174,1.5728,1.2379
2022-05-13,1.1318,1.094,1.6026,1.176,1.3128,1.0085,1.6735,1.3538,1.6585,1.2495
2022-05-16,1.1442,1.0807,1.6588,1.1657,1.3234,1.0088,1.6633,1.3464,1.6386,1.2538
2022-05-17,1.1854,1.0728,1.6772,1.2041,1.3415,1.0386,1.6973,1.3526,1.7142,1.2629
2022-05-18,1.1722,1.0156,1.6229,1.1766,1.3292,1.003,1.6448,1.3218,1.6218,1.2511
2022-05-19,1.1682,1.0002,1.6188,1.1726,1.3283,0.9996,1.6604,1.3305,1.6215,1.2442
2022-05-20,1.1649,1.0092,1.6231,1.1698,1.3386,0.9796,1.6564,1.3548,1.6064,1.2518
2022-05-23,1.2011,1.0292,1.6825,1.2154,1.3392,0.9965,1.6821,1.3699,1.6259,1.2643
2022-05-24,1.2092,1.0228,1.6864,1.205,1.3465,0.9896,1.676,1.3984,1.5801,1.2925
2022-05-25,1.2185,1.0261,1.7196,1.2132,1.3517,0.9973,1.7054,1.4002,1.6152,1.2914
2022-05-26,1.2283,1.0506,1.7534,1.2464,1.3469,1.0236,1.7348,1.3921,1.6768,1.2928
2022-05-27,1.2353,1.0753,1.7874,1.2629,1.3561,1.0476,1.7693,1.4325,1.7433,1.3122
2022-05-31,1.2323,1.0838,1.7441,1.2635,1.3519,1.0432,1.7325,1.4141,1.7374,1.2938
2022-06-01,1.2336,1.0684,1.7756,1.244,1.3375,1.0353,1.7226,1.4036,1.7217,1.2915
2022-06-02,1.247,1.0948,1.7634,1.2555,1.3303,1.0614,1.7455,1.4249,1.8106,1.303
2022-06-03,1.2353,1.0792,1.7954,1.2412,1.3288,1.058,1.7169,1.4126,1.7533,1.2966
2022-06-06,1.2319,1.075,1.7853,1.2483,1.3179,1.0609,1.731,1.408,1.7499,1.3021
2022-06-07,1.2493,1.0775,1.8424,1.2557,1.3287,1.0685,1.751,1.4241,1.7596,1.3069
2022-06-08,1.2398,1.0721,1.843,1.2348,1.3193,1.0579,1.7206,1.3931,1.7136,1.2839
2022-06-09,1.2198,1.0526,1.7872,1.194,1.2946,1.0315,1.6683,1.3661,1.6746,1.2561
2022-06-10,1.2031,1.029,1.7571,1.1396,1.2774,0.9901,1.6188,1.3314,1.6,1.2488
2022-06-13,1.1558,1.0006,1.6658,1.1079,1.2455,0.9531,1.5441,1.2699,1.5081,1.1928
2022-06-14,1.1448,0.9924,1.6706,1.0929,1.232,0.9643,1.5266,1.2593,1.5161,1.1651
2022-06-15,1.1617,1.0073,1.6305,1.1122,1.2401,0.9854,1.5252,1.2958,1.5499,1.1729
2022-06-16,1.1343,0.984,1.5378,1.0866,1.2283,0.9542,1.4829,1.2685,1.463,1.1545
2022-06-17,1.1528,0.9844,1.4591,1.0855,1.2349,0.9562,1.4815,1.2699,1.4606,1.1422
2022-06-21,1.1745,0.9984,1.5356,1.1068,1.2708,0.9632,1.484,1.3008,1.4972,1.1654
2022-06-22,1.1812,0.9919,1.4694,1.1038,1.2899,0.9543,1.452,1.3305,1.4871,1.1794
2022-06-23,1.1933,1.0117,1.4152,1.0993,1.311,0.9415,1.4342,1.3572,1.4843,1.2114
2022-06-24,1.2113,1.0402,1.443,1.1587,1.3318,0.9791,1.4902,1.3862,1.5482,1.2248
2022-06-27,1.193,1.0324,1.4759,1.1496,1.3343,0.9728,1.4705,1.3765,1.5403,1.2329
2022-06-28,1.17,1.0079,1.5214,1.1425,1.3168,0.9645,1.4564,1.3559,1.4963,1.2304
2022-06-29,1.1761,1.0092,1.4727,1.1429,1.3299,0.9542,1.4432,1.3531,1.4731,1.2321
2022-06-30,1.1681,1.0044,1.4502,1.1253,1.3181,0.9478,1.4196,1.354,1.4534,1.2458
2022-07-01,1.1887,1.0201,1.4707,1.1387,1.3314,0.9524,1.4407,1.3804,1.4146,1.2775
2022-07-05,1.1954,1.0285,1.4077,1.1372,1.3313,0.9408,1.4312,1.374,1.4432,1.24
2022-07-06,1.19,1.0262,1.3895,1.1301,1.3288,0.9374,1.4409,1.3798,1.4571,1.2517
2022-07-07,1.1949,1.0365,1.4389,1.1451,1.3318,0.9568,1.4649,1.3762,1.5184,1.2505
2022-07-08,1.1896,1.0337,1.434,1.1428,1.3338,0.9523,1.4472,1.3729,1.5195,1.2458
2022-07-11,1.1739,1.0194,1.4136,1.1361,1.3364,0.9407,1.4408,1.3785,1.4783,1.257
2022-07-12,1.1713,1.0148,1.3821,1.1339,1.3294,0.9539,1.4458,1.3653,1.4697,1.2514
2022-07-13,1.169,1.016,1.3796,1.1211,1.3248,0.9418,1.4396,1.3591,1.4789,1.2455
2022-07-14,1.1714,1.014,1.3531,1.1084,1.3202,0.9392,1.4071,1.3559,1.5055,1.2481
2022-07-15,1.1887,1.031,1.3807,1.1577,1.3432,0.9564,1.4217,1.3805,1.5408,1.2503
2022-07-18,1.1817,1.0289,1.4103,1.1637,1.3118,0.9546,1.4342,1.3555,1.5399,1.231
2022-07-19,1.207,1.0578,1.4612,1.2057,1.3283,0.9934,1.4681,1.3917,1.6085,1.2358
2022-07-20,1.2135,1.0696,1.4783,1.2054,1.3095,1.0027,1.4627,1.3781,1.6607,1.2165
2022-07-21,1.1993,1.0757,1.4537,1.222,1.3138,1.0099,1.4933,1.395,1.6871,1.22
2022-07-22,1.1898,1.0682,1.4545,1.2153,1.3108,1.0047,1.4663,1.4051,1.6402,1.24
2022-07-25,1.1947,1.0649,1.5108,1.2201,1.3161,1.0068,1.4415,1.4069,1.6231,1.255
2022-07-26,1.1941,1.0351,1.4884,1.2021,1.3229,1.0176,1.4455,1.4196,1.5861,1.2607
2022-07-27,1.2131,1.062,1.5154,1.218,1.3272,1.0225,1.4403,1.4141,1.6558,1.2596
2022-07-28,1.1962,1.0867,1.518,1.2133,1.3177,1.0408,1.4676,1.4653,1.6563,1.2975
2022-07-29,1.1905,1.0989,1.5962,1.2301,1.2961,1.0664,1.4855,1.4719,1.6437,1.3079
2022-08-01,1.1811,1.1004,1.5662,1.2274,1.2868,1.082,1.4734,1.4618,1.6688,1.3127
2022-08-02,1.1699,1.0865,1.5626,1.21,1.2803,1.0534,1.4544,1.446,1.6686,1.3078
2022-08-03,1.191,1.1069,1.5045,1.2304,1.2992,1.0605,1.4424,1.456,1.6926,1.324
2022-08-04,1.1881,1.0953,1.448,1.2285,1.2913,1.0663,1.4582,1.4623,1.7228,1.3284
2022-08-05,1.1848,1.0889,1.4804,1.2429,1.2861,1.0699,1.4573,1.4665,1.7113,1.3223
2022-08-08,1.1765,1.0946,1.4892,1.2342,1.2962,1.0746,1.4673,1.4744,1.6774,1.3183
2022-08-09,1.1647,1.0854,1.5193,1.2354,1.2993,1.0725,1.4649,1.4901,1.6227,1.3345
2022-08-10,1.1765,1.1067,1.526,1.262,1.3139,1.0981,1.5061,1.5035,1.681,1.3391
2022-08-11,1.1689,1.1228,1.5872,1.2759,1.3091,1.1081,1.5183,1.4934,1.6763,1.3338
2022-08-12,1.188,1.1427,1.6003,1.2876,1.3207,1.123,1.5445,1.5167,1.7209,1.3546
2022-08-15,1.2019,1.1539,1.5651,1.2968,1.3364,1.1222,1.5421,1.5309,1.7357,1.3668
2022-08-16,1.2267,1.173,1.5537,1.2994,1.3399,1.1284,1.5474,1.5156,1.7213,1.373
2022-08-17,1.2062,1.1639,1.5584,1.2931,1.3336,1.1112,1.522,1.515,1.6899,1.3726
2022-08-18,1.1987,1.1626,1.6068,1.2955,1.3287,1.1151,1.5255,1.506,1.7168,1.3759
2022-08-19,1.1897,1.1442,1.6355,1.2773,1.3338,1.1017,1.493,1.4959,1.6573,1.3788
2022-08-22,1.1676,1.1178,1.6218,1.2522,1.3138,1.0761,1.4684,1.4699,1.5928,1.3613
2022-08-23,1.1588,1.115,1.6998,1.2468,1.2996,1.0865,1.4858,1.4436,1.5927,1.3521
2022-08-24,1.1557,1.125,1.7208,1.2491,1.2954,1.0863,1.4832,1.4534,1.5911,1.3555
2022-08-25,1.1703,1.1368,1.7307,1.2671,1.3011,1.108,1.5193,1.4732,1.6386,1.3597
2022-08-26,1.1684,1.099,1.7132,1.228,1.2725,1.0581,1.4666,1.4396,1.5375,1.3396
2022-08-29,1.1539,1.0981,1.7439,1.219,1.2653,1.0551,1.4555,1.4328,1.5083,1.3452
2022-08-30,1.1468,1.0914,1.6834,1.2153,1.2638,1.0381,1.4311,1.4056,1.4844,1.3253
2022-08-31,1.1436,1.0882,1.663,1.2115,1.2636,1.027,1.4077,1.4017,1.4627,1.315
2022-09-01,1.1455,1.0967,1.6224,1.2178,1.2932,1.0193,1.3917,1.4137,1.4226,1.3374
2022-09-02,1.1231,1.0815,1.6539,1.2107,1.2728,1.0063,1.391,1.3866,1.3996,1.3227
2022-09-06,1.112,1.0813,1.6315,1.2005,1.2745,0.9976,1.3884,1.4026,1.379,1.329
2022-09-07,1.1236,1.1125,1.6092,1.219,1.2912,1.0135,1.4237,1.4268,1.4027,1.3676
2022-09-08,1.121,1.1156,1.6239,1.2412,1.3038,1.0167,1.443,1.4226,1.4239,1.3599
2022-09-09,1.1484,1.1254,1.6669,1.2564,1.3119,1.0333,1.4676,1.4285,1.4631,1.3641
2022-09-12,1.1606,1.1342,1.6935,1.2629,1.3182,1.0451,1.4806,1.4411,1.4669,1.3761
2022-09-13,1.1166,1.0966,1.6515,1.2098,1.2741,0.9947,1.4157,1.3903,1.3531,1.3428
2022-09-14,1.1301,1.1135,1.708,1.209,1.2845,0.9888,1.368,1.3734,1.3615,1.3532
2022-09-15,1.1215,1.1004,1.6704,1.2192,1.2864,0.9759,1.3501,1.3293,1.3002,1.3166
2022-09-16,1.1107,1.0899,1.6349,1.2092,1.2958,0.95,1.3468,1.3303,1.3006,1.3124
2022-09-19,1.1156,1.1037,1.6415,1.218,1.2908,0.9591,1.3648,1.3284,1.3074,1.3271
2022-09-20,1.0968,1.0858,1.6292,1.1973,1.2746,0.95,1.3291,1.3013,1.2856,1.3098
2022-09-21,1.0685,1.0689,1.6026,1.1749,1.2555,0.9314,1.3017,1.2807,1.2758,1.2908
2022-09-22,1.0583,1.0494,1.5995,1.1544,1.275,0.9168,1.287,1.2746,1.2404,1.289
2022-09-23,1.0356,1.0318,1.4907,1.1241,1.2675,0.8922,1.2627,1.2587,1.222,1.275
2022-09-26,1.0221,1.0278,1.4586,1.1018,1.2581,0.882,1.2437,1.2281,1.1961,1.2457
2022-09-27,1.0204,1.0164,1.4678,1.0948,1.2544,0.8848,1.2483,1.2101,1.2039,1.2212
2022-09-28,1.0458,1.0414,1.5325,1.1157,1.274,0.9042,1.2824,1.2255,1.2171,1.2356
2022-09-29,1.0237,1.0261,1.5398,1.1061,1.2629,0.8813,1.2627,1.1873,1.1743,1.1821
2022-09-30,1.0108,0.9818,1.5249,1.0947,1.2336,0.8642,1.2621,1.1963,1.1581,1.1542
2022-10-03,1.0497,1.0027,1.6142,1.1222,1.2603,0.8895,1.3193,1.2159,1.2032,1.1853
2022-10-04,1.0739,1.029,1.6726,1.1653,1.2933,0.9299,1.3614,1.2342,1.2476,1.2057
2022-10-05,1.0684,1.0332,1.7178,1.1575,1.298,0.9246,1.347,1.2131,1.2552,1.172
2022-10-06,1.0655,1.0214,1.761,1.1348,1.2821,0.9127,1.3427,1.17,1.2508,1.1266
2022-10-07,1.0484,0.9966,1.7543,1.1161,1.2734,0.8905,1.2981,1.1472,1.1658,1.1012
2022-10-10,1.0394,0.9922,1.7105,1.1083,1.2835,0.8979,1.303,1.1354,1.1361,1.1052
2022-10-11,1.0266,0.9944,1.6928,1.0837,1.3121,0.8961,1.2952,1.1435,1.1226,1.1051
2022-10-12,1.0198,0.9979,1.7052,1.0855,1.3031,0.8966,1.291,1.1259,1.1226,1.0638
2022-10-13,1.0459,1.0173,1.7853,1.1323,1.3345,0.9253,1.3258,1.1436,1.1609,1.0946
2022-10-14,1.0371,0.9952,1.7275,1.1249,1.3281,0.917,1.2931,1.1121,1.119,1.0802
2022-10-17,1.0517,1.0166,1.7455,1.1422,1.3458,0.9305,1.32,1.1578,1.1524,1.1014
2022-10-18,1.069,1.0255,1.754,1.1612,1.3525,0.9466,1.3482,1.1745,1.1477,1.1218
2022-10-19,1.068,1.0184,1.806,1.1397,1.3212,0.9443,1.3147,1.1456,1.1565,1.1068
2022-10-20,1.0873,1.0092,1.8144,1.1302,1.3112,0.9325,1.3158,1.1365,1.1623,1.0792
2022-10-21,1.0983,1.0316,1.8884,1.161,1.3373,0.9658,1.375,1.1319,1.1906,1.0969
2022-10-24,1.1094,1.0284,1.9037,1.1701,1.3728,0.9742,1.3808,1.1323,1.2034,1.1053
2022-10-25,1.1243,1.0519,1.9051,1.1863,1.3719,0.9828,1.4081,1.1754,1.241,1.1275
2022-10-26,1.1266,1.0588,1.928,1.2046,1.392,0.9836,1.4184,1.1827,1.2206,1.1286
2022-10-27,1.1274,1.0526,1.9243,1.2041,1.3915,1.0062,1.4081,1.1886,1.2044,1.1274
2022-10-28,1.1528,1.0748,1.9324,1.2285,1.4338,1.0321,1.4123,1.2239,1.2709,1.1619
2022-10-31,1.1347,1.0686,1.9477,1.2235,1.4246,1.0255,1.3956,1.2228,1.2422,1.1504
2022-11-01,1.1324,1.0696,1.9624,1.2383,1.4276,1.0285,1.4063,1.2151,1.2376,1.1534
2022-11-02,1.1242,1.0427,1.925,1.227,1.4098,1.021,1.377,1.1777,1.198,1.1443
2022-11-03,1.1064,1.0377,1.9688,1.2097,1.4056,1.0403,1.3601,1.1738,1.1769,1.1499
2022-11-04,1.1137,1.0704,1.9896,1.2364,1.4197,1.0654,1.4175,1.1835,1.2144,1.1482
2022-11-07,1.1242,1.0668,2.0344,1.2514,1.4443,1.0831,1.4299,1.1813,1.2416,1.1166
2022-11-08,1.0927,1.0727,2.0266,1.258,1.4684,1.0925,1.4742,1.1957,1.2582,1.1259
2022-11-09,1.0816,1.0314,1.9152,1.2302,1.4639,1.0763,1.4511,1.1852,1.2125,1.115
2022-11-10,1.1163,1.0788,1.9556,1.2917,1.4853,1.1222,1.5368,1.2729,1.3493,1.1633
2022-11-11,1.131,1.1084,2.0265,1.2995,1.4654,1.1427,1.5594,1.2663,1.3915,1.1495
2022-11-14,1.1226,1.0946,2.0154,1.2873,1.4738,1.1325,1.5533,1.2324,1.3926,1.1265
2022-11-15,1.1236,1.1172,2.0353,1.2922,1.4761,1.1415,1.5603,1.2406,1.4296,1.1437
2022-11-16,1.1209,1.1099,1.9834,1.2823,1.478,1.1202,1.5405,1.2396,1.3737,1.1534
2022-11-17,1.1237,1.104,1.9873,1.277,1.4889,1.1183,1.5307,1.2306,1.3819,1.1349
2022-11-18,1.1276,1.1121,1.977,1.2836,1.5038,1.1239,1.5373,1.2438,1.3723,1.1537
2022-11-21,1.1197,1.1284,1.9419,1.2804,1.5155,1.1281,1.553,1.2609,1.3421,1.1622
2022-11-22,1.1386,1.1319,2.0049,1.2941,1.5293,1.1405,1.5874,1.2623,1.3888,1.1701
2022-11-23,1.1493,1.1442,1.9637,1.3005,1.5284,1.1439,1.5946,1.2588,1.4075,1.1836
2022-11-25,1.1481,1.144,1.9522,1.3091,1.5369,1.1494,1.5877,1.2672,1.3904,1.1921
2022-11-28,1.1373,1.1331,1.9013,1.2931,1.5278,1.1196,1.5517,1.2221,1.3566,1.1773
2022-11-29,1.1361,1.1319,1.9246,1.303,1.5287,1.1363,1.5648,1.2378,1.3513,1.1671
2022-11-30,1.1665,1.1599,1.9358,1.3288,1.5577,1.1486,1.5993,1.2656,1.4354,1.1954
2022-12-01,1.1667,1.1694,1.9286,1.3207,1.5584,1.1426,1.6086,1.2615,1.4362,1.1959
2022-12-02,1.1692,1.18,1.9238,1.3132,1.567,1.1575,1.636,1.2568,1.4138,1.1907
2022-12-05,1.1514,1.1573,1.8742,1.2726,1.5553,1.1365,1.6088,1.2359,1.3905,1.1839
2022-12-06,1.1346,1.1388,1.8274,1.2476,1.5454,1.1181,1.6071,1.2322,1.3515,1.1914
2022-12-07,1.1278,1.138,1.8165,1.2415,1.5568,1.1183,1.5983,1.2462,1.3436,1.1892
2022-12-08,1.1235,1.1509,1.8137,1.2465,1.5721,1.1255,1.6041,1.2587,1.3762,1.197
2022-12-09,1.1222,1.1368,1.7637,1.246,1.5495,1.1138,1.5825,1.2563,1.3566,1.1894
2022-12-12,1.1365,1.1547,1.8058,1.2645,1.56,1.1407,1.5961,1.2681,1.3887,1.2208
2022-12-13,1.1371,1.1543,1.8388,1.2741,1.566,1.1456,1.6179,1.2944,1.4102,1.2252
2022-12-14,1.1276,1.149,1.8239,1.2545,1.5693,1.1408,1.5947,1.278,1.3825,1.2218
2022-12-15,1.1023,1.1239,1.8113,1.2258,1.5406,1.1136,1.529,1.2695,1.3301,1.2049
2022-12-16,1.1032,1.1096,1.7882,1.2146,1.532,1.1085,1.5291,1.231,1.3206,1.1885
2022-12-19,1.0848,1.0922,1.7948,1.2098,1.5305,1.1115,1.5139,1.2218,1.2989,1.1858
2022-12-20,1.0864,1.0967,1.8268,1.2043,1.5223,1.1155,1.5348,1.2186,1.3009,1.1882
2022-12-21,1.101,1.1299,1.8664,1.2201,1.5376,1.147,1.5554,1.2315,1.3302,1.2059
2022-12-22,1.0946,1.1248,1.8177,1.2116,1.5385,1.1258,1.5476,1.2258,1.2751,1.2019
2022-12-23,1.0992,1.1307,1.8782,1.2155,1.5368,1.1281,1.5595,1.2377,1.2785,1.2143
2022-12-27,1.0994,1.1326,1.8986,1.2135,1.5388,1.1345,1.5644,1.2356,1.2481,1.2227
2022-12-28,1.0894,1.1143,1.8569,1.2083,1.5285,1.1195,1.5359,1.217,1.2293,1.2127
2022-12-29,1.104,1.1322,1.8694,1.2211,1.54,1.1329,1.5481,1.2448,1.268,1.2218
2022-12-30,1.11,1.1276,1.889,1.2201,1.5386,1.1306,1.5365,1.2291,1.2696,1.2118
2023-01-03,1.117,1.1407,1.8233,1.2324,1.5372,1.1456,1.5579,1.2333,1.2583,1.2221
2023-01-04,1.1416,1.1615,1.823,1.2551,1.5505,1.1784,1.6058,1.2633,1.2909,1.2314
2023-01-05,1.1499,1.1567,1.8622,1.245,1.5574,1.1741,1.5876,1.2309,1.2573,1.2038
2023-01-06,1.1618,1.1843,1.8962,1.2665,1.5887,1.2079,1.6437,1.2629,1.302,1.2242
2023-01-09,1.1588,1.1769,1.8933,1.2705,1.5499,1.207,1.6407,1.2685,1.3396,1.2275
2023-01-10,1.1679,1.1816,1.9057,1.2803,1.5637,1.2159,1.6764,1.2723,1.3517,1.2273
2023-01-11,1.1698,1.1897,1.911,1.2928,1.5567,1.2321,1.7043,1.3166,1.3678,1.2338
2023-01-12,1.1745,1.192,1.9489,1.3048,1.5407,1.249,1.718,1.3276,1.3961,1.2275
2023-01-13,1.1772,1.1975,1.9533,1.3174,1.5536,1.2555,1.7342,1.321,1.3986,1.2221
2023-01-17,1.1659,1.1959,1.9527,1.3159,1.541,1.2411,1.708,1.3205,1.4095,1.2209
2023-01-18,1.1536,1.1735,1.9214,1.2963,1.5122,1.221,1.6822,1.299,1.3943,1.1937
2023-01-19,1.1485,1.1648,1.9404,1.2885,1.5119,1.1958,1.6681,1.2927,1.3603,1.1838
2023-01-20,1.1733,1.185,1.9657,1.3028,1.5158,1.209,1.7055,1.3044,1.4182,1.1866
2023-01-23,1.1874,1.2,1.9451,1.324,1.5149,1.2293,1.7189,1.3024,1.5017,1.1895
2023-01-24,1.189,1.2008,1.93,1.3096,1.5069,1.2233,1.7217,1.3068,1.4884,1.1916
2023-01-25,1.2093,1.2068,1.9353,1.3313,1.4997,1.2173,1.7271,1.3093,1.4864,1.1715
2023-01-26,1.2128,1.215,2.0072,1.3379,1.4908,1.2263,1.7216,1.329,1.5114,1.1742
2023-01-27,1.2088,1.2158,1.972,1.3486,1.4803,1.24,1.72,1.3317,1.5043,1.1737
2023-01-30,1.2064,1.2065,1.9249,1.3491,1.4769,1.2156,1.7086,1.3194,1.4626,1.1706
2023-01-31,1.214,1.2176,1.9455,1.3694,1.4899,1.2265,1.7381,1.341,1.4916,1.1783
2023-02-01,1.1937,1.2271,1.9055,1.3721,1.4829,1.2328,1.7743,1.3524,1.582,1.1811
2023-02-02,1.199,1.227,1.8381,1.377,1.4617,1.2447,1.7697,1.3711,1.6203,1.1791
2023-02-03,1.1685,1.2028,1.8263,1.3815,1.4693,1.2325,1.7398,1.3433,1.5918,1.1554
2023-02-06,1.1462,1.1987,1.8289,1.3785,1.4742,1.2324,1.7102,1.3406,1.5609,1.1697
2023-02-07,1.167,1.206,1.8898,1.3909,1.4815,1.2397,1.7345,1.3292,1.6051,1.1676
2023-02-08,1.1519,1.1978,1.8753,1.3867,1.4725,1.231,1.7178,1.3234,1.577,1.1436
2023-02-09,1.142,1.1958,1.8601,1.3728,1.4746,1.2161,1.6916,1.3044,1.5616,1.1224
2023-02-10,1.1478,1.197,1.9327,1.3731,1.4937,1.2227,1.6985,1.311,1.5332,1.1465
2023-02-13,1.1625,1.2126,1.9228,1.3857,1.5049,1.2364,1.7171,1.318,1.563,1.1501
2023-02-14,1.162,1.2087,1.9316,1.3901,1.4901,1.2352,1.711,1.3001,1.5975,1.1446
2023-02-15,1.1757,1.2187,1.8942,1.3889,1.4808,1.2435,1.704,1.3063,1.5942,1.1491
2023-02-16,1.166,1.1966,1.8727,1.3713,1.4583,1.2286,1.682,1.295,1.5412,1.1412
2023-02-17,1.1694,1.2024,1.8083,1.3689,1.4845,1.2275,1.6718,1.2923,1.5072,1.1569
2023-02-21,1.1544,1.183,1.8029,1.3423,1.4728,1.1966,1.6371,1.2707,1.4553,1.1353
2023-02-22,1.1557,1.1754,1.7775,1.3383,1.4612,1.1936,1.63,1.2538,1.4518,1.1322
2023-02-23,1.1454,1.1697,1.7999,1.3458,1.4658,1.2002,1.6312,1.2634,1.5098,1.1246
2023-02-24,1.1352,1.158,1.803,1.3452,1.4476,1.1864,1.6261,1.2393,1.4657,1.1225
2023-02-27,1.1388,1.1595,1.8084,1.3452,1.449,1.1976,1.631,1.2433,1.4676,1.1139
2023-02-28,1.1321,1.1572,1.7828,1.3348,1.441,1.2002,1.6396,1.2474,1.4654,1.0952
2023-03-01,1.1216,1.1471,1.8171,1.3269,1.4444,1.2175,1.6539,1.231,1.4641,1.0761
2023-03-02,1.1407,1.1574,1.8331,1.319,1.4472,1.2336,1.6779,1.249,1.4996,1.1
2023-03-03,1.1501,1.1685,1.8548,1.3475,1.4605,1.2488,1.6933,1.2687,1.5224,1.1192
2023-03-06,1.1497,1.1705,1.8623,1.35,1.4663,1.2442,1.6631,1.2616,1.5117,1.1246
2023-03-07,1.1423,1.1583,1.83,1.3097,1.4435,1.2191,1.6209,1.2357,1.4967,1.1067
2023-03-08,1.1389,1.1557,1.8253,1.3064,1.4271,1.224,1.6317,1.2507,1.5312,1.1152
2023-03-09,1.1191,1.1358,1.7946,1.2539,1.4088,1.2166,1.6014,1.2245,1.5058,1.1079
2023-03-10,1.1096,1.1256,1.7706,1.2245,1.4155,1.1981,1.5737,1.1943,1.4904,1.0928
2023-03-13,1.113,1.1243,1.7331,1.1658,1.4248,1.1903,1.5747,1.2228,1.4786,1.1097
2023-03-14,1.1263,1.1331,1.751,1.1974,1.4353,1.2038,1.5837,1.2368,1.5377,1.1234
2023-03-15,1.1296,1.1347,1.6489,1.1542,1.4402,1.1797,1.5466,1.2433,1.5495,1.1462
2023-03-16,1.1371,1.1448,1.6713,1.1706,1.4457,1.2008,1.5601,1.2513,1.6413,1.1492
2023-03-17,1.1351,1.1385,1.6422,1.1232,1.414,1.1857,1.5563,1.2305,1.6489,1.1397
2023-03-20,1.1476,1.1498,1.6759,1.1408,1.4386,1.1937,1.5794,1.2434,1.6478,1.1485
2023-03-21,1.1576,1.1636,1.7356,1.1853,1.437,1.2089,1.5905,1.2274,1.6564,1.1224
2023-03-22,1.1354,1.1425,1.7006,1.1522,1.4153,1.1786,1.5568,1.1904,1.6457,1.1042
2023-03-23,1.1467,1.1473,1.6717,1.1493,1.4258,1.1839,1.5644,1.1827,1.6868,1.0909
2023-03-24,1.1557,1.1481,1.6636,1.1376,1.4458,1.1816,1.576,1.2202,1.6848,1.1267
2023-03-27,1.1613,1.1526,1.7063,1.1522,1.449,1.1937,1.582,1.207,1.6703,1.1255
2023-03-28,1.1539,1.1503,1.7392,1.154,1.4497,1.202,1.5879,1.2036,1.657,1.129
2023-03-29,1.1667,1.1675,1.7617,1.1716,1.4563,1.2192,1.6046,1.2347,1.7102,1.1448
2023-03-30,1.1698,1.1736,1.7666,1.1651,1.4614,1.223,1.6162,1.2512,1.7366,1.1464
2023-03-31,1.1852,1.1935,1.7719,1.1812,1.4776,1.2426,1.6457,1.2737,1.752,1.1526
2023-04-03,1.1913,1.1958,1.8794,1.1822,1.4917,1.249,1.655,1.2675,1.7389,1.1445
2023-04-04,1.2075,1.1943,1.851,1.1621,1.4937,1.2194,1.6258,1.2742,1.7301,1.1546
2023-04-05,1.2165,1.198,1.8645,1.1599,1.5207,1.207,1.6318,1.2707,1.7074,1.1836
2023-04-06,1.2105,1.1982,1.8315,1.1699,1.5243,1.1992,1.6349,1.2779,1.7075,1.1939
2023-04-10,1.2187,1.2027,1.8394,1.1753,1.5153,1.2128,1.64,1.2821,1.7221,1.1884
2023-04-11,1.2199,1.2057,1.8565,1.1862,1.5144,1.2261,1.6458,1.2832,1.7032,1.1882
2023-04-12,1.2149,1.1994,1.8689,1.1867,1.5137,1.2228,1.6462,1.2817,1.6749,1.1891
2023-04-13,1.2301,1.217,1.8799,1.1965,1.5331,1.2317,1.6577,1.2728,1.6853,1.1916
2023-04-14,1.2292,1.2129,1.8823,1.2012,1.5286,1.2247,1.6376,1.2398,1.6831,1.1782
2023-04-17,1.2329,1.2195,1.8526,1.2241,1.5286,1.2368,1.6468,1.2614,1.6784,1.1881
2023-04-18,1.2358,1.2211,1.8578,1.2222,1.5222,1.245,1.6577,1.257,1.6799,1.1783
2023-04-19,1.2281,1.2138,1.8582,1.2328,1.5485,1.2482,1.6472,1.263,1.6793,1.1863
2023-04-20,1.1993,1.2121,1.8409,1.2244,1.543,1.2411,1.6544,1.2434,1.6673,1.185
2023-04-21,1.2078,1.2221,1.8188,1.2165,1.5585,1.2368,1.6408,1.2428,1.6505,1.1911
2023-04-24,1.2008,1.2292,1.844,1.2103,1.561,1.2449,1.6572,1.2376,1.6379,1.1942
2023-04-25,1.2006,1.2182,1.8102,1.1853,1.5594,1.2044,1.6115,1.2267,1.5896,1.1916
2023-04-26,1.176,1.2156,1.7796,1.1746,1.5274,1.1889,1.5864,1.2136,1.6029,1.162
2023-04-27,1.2155,1.2317,1.7919,1.1929,1.511,1.2076,1.6194,1.2391,1.6274,1.1797
2023-04-28,1.2154,1.2445,1.8219,1.2124,1.5134,1.2206,1.6303,1.2494,1.6675,1.179
2023-05-01,1.2134,1.2484,1.8028,1.199,1.5187,1.2233,1.6157,1.2313,1.6687,1.1823
2023-05-02,1.1927,1.2411,1.7308,1.1578,1.5123,1.2085,1.598,1.2119,1.6515,1.163
2023-05-03,1.1894,1.2157,1.6951,1.1419,1.4969,1.2038,1.5851,1.2033,1.5957,1.1611
2023-05-04,1.1797,1.2043,1.6893,1.1147,1.4884,1.1817,1.579,1.2178,1.5936,1.1711
2023-05-05,1.1988,1.2265,1.7333,1.1518,1.5022,1.1976,1.5984,1.236,1.6343,1.1777
2023-05-08,1.2036,1.2341,1.7318,1.1459,1.495,1.1934,1.589,1.2278,1.6508,1.1772
2023-05-09,1.1901,1.2261,1.7372,1.1478,1.4902,1.1922,1.5773,1.2263,1.628,1.1736
2023-05-10,1.1908,1.2208,1.7026,1.1374,1.4887,1.1855,1.5683,1.2393,1.6404,1.1843
2023-05-11,1.1965,1.1974,1.6863,1.1295,1.4864,1.1809,1.5478,1.2228,1.6153,1.1703
2023-05-12,1.1986,1.1946,1.6859,1.1251,1.4865,1.176,1.5474,1.2292,1.6003,1.1758
2023-05-15,1.1967,1.1947,1.6991,1.1415,1.4832,1.189,1.5658,1.2155,1.6418,1.163
2023-05-16,1.1851,1.1742,1.6628,1.1256,1.4672,1.1711,1.5283,1.1863,1.6439,1.1341
2023-05-17,1.1882,1.1801,1.6981,1.166,1.4633,1.201,1.5449,1.2,1.6723,1.1293
2023-05-18,1.2172,1.1913,1.6996,1.167,1.4574,1.2075,1.5525,1.1891,1.7223,1.1251
2023-05-19,1.2095,1.1711,1.7185,1.1541,1.4672,1.2045,1.5514,1.1884,1.7207,1.121
2023-05-22,1.214,1.1501,1.717,1.1629,1.4623,1.2124,1.5496,1.1994,1.7297,1.1183
2023-05-23,1.2021,1.1356,1.7379,1.1593,1.448,1.1953,1.5346,1.1887,1.7087,1.1142
2023-05-24,1.1955,1.1281,1.741,1.1458,1.4391,1.1746,1.5152,1.1661,1.6955,1.1058
2023-05-25,1.1725,1.1174,1.7096,1.1529,1.4153,1.1831,1.5023,1.1669,1.825,1.0862
2023-05-26,1.1857,1.1179,1.7024,1.1659,1.4093,1.1914,1.5139,1.1749,1.9198,1.0845
2023-05-30,1.1844,1.1106,1.6918,1.1588,1.3983,1.1851,1.5098,1.1773,1.9604,1.0786
2023-05-31,1.1926,1.1088,1.6572,1.138,1.4103,1.1689,1.4998,1.1815,1.9294,1.0896
2023-06-01,1.194,1.1088,1.6845,1.1454,1.3939,1.1861,1.528,1.1783,1.966,1.078
2023-06-02,1.1724,1.1348,1.7334,1.1753,1.4199,1.2387,1.5906,1.1977,1.9667,1.0927
2023-06-05,1.178,1.1309,1.7235,1.1618,1.4245,1.2106,1.5829,1.1883,1.9354,1.0981
2023-06-06,1.1722,1.1304,1.7341,1.1879,1.4041,1.217,1.5943,1.1891,1.9765,1.0989
2023-06-07,1.1727,1.1325,1.7728,1.2024,1.3998,1.2458,1.6118,1.2136,1.9309,1.1172
2023-06-08,1.1832,1.1373,1.7636,1.1995,1.412,1.2512,1.6046,1.2059,1.9819,1.1248
2023-06-09,1.1813,1.1341,1.7563,1.1974,1.4131,1.2479,1.5842,1.1896,2.0141,1.1182
2023-06-12,1.1858,1.1409,1.7416,1.1993,1.4064,1.2605,1.6011,1.1913,2.0861,1.1138
2023-06-13,1.1862,1.147,1.7507,1.2095,1.4174,1.2741,1.633,1.1999,2.1096,1.1102
2023-06-14,1.1855,1.1638,1.734,1.1982,1.4167,1.264,1.6148,1.2042,2.1571,1.1097
2023-06-15,1.2037,1.1702,1.7484,1.2154,1.4344,1.2837,1.6284,1.2168,2.1571,1.1202
2023-06-16,1.2012,1.1682,1.7437,1.2148,1.4443,1.2852,1.6321,1.2123,2.1502,1.1304
2023-06-20,1.1908,1.1508,1.7089,1.2023,1.4408,1.2591,1.6122,1.1947,2.123,1.1187
2023-06-21,1.1897,1.1514,1.726,1.1955,1.4377,1.2544,1.6105,1.1923,2.0441,1.1305
2023-06-22,1.1949,1.1532,1.6992,1.1756,1.456,1.2361,1.6032,1.1751,2.0387,1.1235
2023-06-23,1.188,1.1416,1.6856,1.1655,1.449,1.2281,1.6004,1.1681,2.0277,1.1058
2023-06-26,1.2027,1.147,1.7153,1.1636,1.4378,1.2368,1.6225,1.1869,2.0146,1.1178
2023-06-27,1.2275,1.1516,1.7183,1.1713,1.4268,1.2439,1.6485,1.1928,2.0661,1.1119
2023-06-28,1.2259,1.1487,1.7352,1.1676,1.4228,1.2539,1.6431,1.2015,2.0378,1.0946
2023-06-29,1.2276,1.1464,1.7499,1.2019,1.4265,1.2615,1.669,1.2056,2.0337,1.095
2023-06-30,1.2327,1.1471,1.7624,1.2085,1.443,1.2743,1.6842,1.2111,2.0726,1.1072
2023-07-03,1.2423,1.1507,1.7699,1.2229,1.4388,1.2808,1.6927,1.2207,2.0833,1.1176
2023-07-05,1.2339,1.1446,1.7622,1.2183,1.4462,1.2703,1.6539,1.231,2.0534,1.1283
2023-07-06,1.2264,1.1292,1.7199,1.1977,1.4326,1.2551,1.6452,1.2199,2.031,1.1127
2023-07-07,1.2253,1.119,1.7692,1.2004,1.4072,1.2646,1.658,1.2103,2.0382,1.1043
2023-07-10,1.2252,1.128,1.783,1.2021,1.422,1.2773,1.6681,1.2089,2.0614,1.0975
2023-07-11,1.2528,1.1377,1.8319,1.2232,1.4228,1.3075,1.6936,1.2219,2.0685,1.1111
2023-07-12,1.2497,1.1443,1.8524,1.2357,1.4199,1.3071,1.724,1.2293,2.1122,1.1275
2023-07-13,1.2519,1.1469,1.8504,1.2473,1.4245,1.311,1.7325,1.2369,2.1599,1.1318
2023-07-14,1.239,1.1454,1.8026,1.2398,1.4344,1.3023,1.7136,1.2372,2.142,1.1273
2023-07-17,1.226,1.1375,1.7972,1.2494,1.4263,1.2997,1.71,1.2168,2.1848,1.1087
2023-07-18,1.2298,1.139,1.8118,1.2838,1.4395,1.3115,1.7333,1.2036,2.2013,1.098
2023-07-19,1.2446,1.1487,1.8219,1.3107,1.4448,1.3085,1.7286,1.2137,2.1928,1.1091
2023-07-20,1.2532,1.1465,1.8409,1.325,1.4785,1.3197,1.706,1.1974,2.1195,1.1306
2023-07-21,1.2516,1.1582,1.8456,1.3145,1.4981,1.3124,1.7093,1.2032,2.136,1.152
2023-07-24,1.2598,1.1574,1.8809,1.3316,1.4831,1.3204,1.7129,1.2289,2.1336,1.15
2023-07-25,1.2639,1.1532,1.9003,1.3106,1.4703,1.3465,1.7509,1.2191,2.1635,1.1508
2023-07-26,1.258,1.157,1.8927,1.3212,1.4725,1.367,1.7485,1.2358,2.141,1.1513
2023-07-27,1.2607,1.147,1.8762,1.3095,1.4766,1.3694,1.7454,1.2145,2.1573,1.1337
2023-07-28,1.2644,1.1534,1.8726,1.316,1.4855,1.3787,1.7555,1.1955,2.226,1.1292
2023-07-31,1.2597,1.1632,1.9149,1.3212,1.4746,1.3815,1.7695,1.1971,2.2424,1.1297
2023-08-01,1.2529,1.1591,1.9006,1.314,1.4623,1.3978,1.7591,1.1943,2.2553,1.1121
2023-08-02,1.2242,1.1508,1.8761,1.2967,1.4579,1.3784,1.7304,1.1877,2.1592,1.1127
2023-08-03,1.2122,1.1504,1.8883,1.3082,1.4542,1.3664,1.7321,1.1783,2.142,1.0811
2023-08-04,1.1992,1.1444,1.8903,1.3084,1.4779,1.3581,1.7252,1.1638,2.1712,1.0651
2023-08-07,1.2074,1.1567,1.8977,1.3167,1.5076,1.3764,1.737,1.1762,2.1778,1.0633
2023-08-08,1.2048,1.1553,1.9053,1.3044,1.5063,1.3692,1.7256,1.1707,2.141,1.0722
2023-08-09,1.2056,1.1527,1.9219,1.2898,1.5056,1.3644,1.7214,1.1794,2.0917,1.0794
2023-08-10,1.2065,1.1672,1.9199,1.2879,1.5063,1.3696,1.7178,1.1743,2.0923,1.0802
2023-08-11,1.2144,1.159,1.9579,1.2884,1.5153,1.369,1.72,1.1777,2.06,1.0834
2023-08-14,1.2223,1.1548,1.9523,1.2833,1.5196,1.367,1.73,1.1692,2.1245,1.0722
2023-08-15,1.2135,1.1429,1.9081,1.2594,1.5203,1.3415,1.696,1.1597,2.1015,1.0544
2023-08-16,1.2085,1.1387,1.8877,1.249,1.5108,1.3305,1.6866,1.1391,2.0573,1.0582
2023-08-17,1.1955,1.1243,1.9127,1.2451,1.5047,1.3215,1.687,1.1285,2.0312,1.0575
2023-08-18,1.1914,1.1299,1.9295,1.2417,1.4975,1.3246,1.6901,1.133,2.0341,1.0626
2023-08-21,1.1959,1.1212,1.9173,1.2384,1.4981,1.3184,1.6877,1.1236,2.0961,1.0533
2023-08-22,1.1999,1.1149,1.8967,1.2213,1.4895,1.314,1.6859,1.1257,2.066,1.0538
2023-08-23,1.2102,1.1093,1.8962,1.2304,1.5008,1.3256,1.6907,1.1385,2.1229,1.0583
2023-08-24,1.1925,1.095,1.8768,1.224,1.4873,1.2972,1.6817,1.1311,2.0516,1.0546
2023-08-25,1.1957,1.1039,1.8928,1.2213,1.4926,1.3139,1.6748,1.1342,2.0687,1.0637
2023-08-28,1.204,1.1133,1.9134,1.2378,1.4875,1.3387,1.6941,1.1406,2.091,1.0641
2023-08-29,1.2227,1.1252,1.9191,1.2516,1.5019,1.3555,1.7227,1.1499,2.1468,1.0699
2023-08-30,1.2249,1.1273,1.9333,1.2473,1.5014,1.3548,1.724,1.1546,2.1614,1.0672
2023-08-31,1.2215,1.1203,1.9385,1.2453,1.4846,1.35,1.7251,1.145,2.1822,1.0567
2023-09-01,1.2162,1.1149,1.983,1.2551,1.4904,1.3521,1.7386,1.1436,2.2147,1.048
2023-09-05,1.2072,1.103,2.0027,1.2425,1.4652,1.3367,1.7046,1.1313,2.2274,1.0311
2023-09-06,1.205,1.1016,2.0089,1.2335,1.4541,1.328,1.7082,1.1216,2.2015,1.0287
2023-09-07,1.2124,1.0946,1.9963,1.2273,1.4672,1.3211,1.7035,1.1374,2.1644,1.0405
2023-09-08,1.2131,1.0976,2.0069,1.2401,1.4846,1.3146,1.696,1.1333,2.153,1.0547
2023-09-11,1.227,1.1019,1.9813,1.2378,1.4952,1.3239,1.6966,1.1322,2.1727,1.0602
2023-09-12,1.2194,1.1032,2.0336,1.2614,1.4941,1.316,1.688,1.1281,2.1593,1.0644
2023-09-13,1.227,1.1045,2.0156,1.2558,1.4939,1.2916,1.678,1.122,2.1879,1.0784
2023-09-14,1.2443,1.1129,2.045,1.2706,1.5109,1.3113,1.7011,1.143,2.1884,1.0959
2023-09-15,1.2338,1.1087,2.0201,1.2621,1.4948,1.303,1.6751,1.1349,2.1203,1.0921
2023-09-18,1.2288,1.1065,2.0333,1.2673,1.4996,1.3,1.6706,1.1263,2.1272,1.0912
2023-09-19,1.2394,1.0925,2.0196,1.2621,1.4984,1.2944,1.6742,1.1216,2.101,1.0824
2023-09-20,1.2364,1.0942,1.9948,1.2492,1.5056,1.2839,1.6668,1.1195,2.054,1.0854
2023-09-21,1.2183,1.0782,1.9617,1.2224,1.4951,1.2631,1.6337,1.075,2.0028,1.0736
2023-09-22,1.2165,1.0747,1.9687,1.2077,1.4874,1.2535,1.6344,1.0667,2.0017,1.074
2023-09-25,1.2168,1.0701,1.9922,1.2093,1.486,1.2523,1.6466,1.0636,2.023,1.0724
2023-09-26,1.2083,1.0623,1.9828,1.1899,1.4848,1.2336,1.6208,1.0501,2.0019,1.0392
2023-09-27,1.2065,1.055,2.0418,1.1844,1.477,1.2382,1.6141,1.0406,2.0204,1.0127
2023-09-28,1.2169,1.0565,2.0397,1.1941,1.4859,1.2428,1.6287,1.0505,2.0611,0.9875
2023-09-29,1.2177,1.0707,1.9949,1.1937,1.4678,1.2391,1.6279,1.0552,2.0737,0.99
2023-10-02,1.2085,1.0679,1.9561,1.1737,1.4557,1.2187,1.6019,1.0378,2.096,0.9404
2023-10-03,1.1976,1.056,1.9649,1.1437,1.443,1.2094,1.5955,1.0193,2.0591,0.9506
2023-10-04,1.2044,1.0643,1.8929,1.1521,1.4549,1.2034,1.6107,1.0279,2.0912,0.9444
2023-10-05,1.2049,1.0581,1.8798,1.1626,1.4596,1.1976,1.6066,1.0335,2.0905,0.929
2023-10-06,1.2141,1.0672,1.8906,1.1713,1.4668,1.2128,1.6324,1.0418,2.134,0.9417
2023-10-09,1.2312,1.0691,1.97,1.1707,1.4757,1.2183,1.6271,1.0576,2.1325,0.9499
2023-10-10,1.2517,1.0796,1.9646,1.1801,1.4784,1.2355,1.6437,1.056,2.1547,0.9649
2023-10-11,1.2508,1.0783,1.9336,1.1729,1.4813,1.2413,1.6485,1.0791,2.176,0.9806
2023-10-12,1.2382,1.0745,1.9339,1.1669,1.477,1.2245,1.6152,1.0665,2.1878,0.9594
2023-10-13,1.2387,1.0775,1.976,1.1738,1.4822,1.2091,1.6114,1.0712,2.1293,0.9728
2023-10-16,1.2458,1.0948,1.9903,1.1901,1.4942,1.217,1.6304,1.0801,2.1565,0.9826
2023-10-17,1.2506,1.1023,2.0076,1.2107,1.5004,1.224,1.6408,1.0679,2.139,0.9772
2023-10-18,1.2332,1.0991,2.0283,1.1716,1.5016,1.1956,1.6024,1.0401,2.0986,0.964
2023-10-19,1.2332,1.0956,2.0239,1.1534,1.4813,1.1783,1.586,1.0124,2.0985,0.9571
2023-10-20,1.2314,1.0908,1.9844,1.1363,1.4892,1.169,1.5669,1.0075,2.059,0.9462
2023-10-23,1.227,1.0935,1.9452,1.1274,1.4779,1.1615,1.5553,1.0004,2.0546,0.9398
2023-10-24,1.2488,1.1074,1.9132,1.1298,1.4828,1.1944,1.5741,1.0087,2.0791,0.9665
2023-10-25,1.2255,1.0985,1.9155,1.1274,1.4752,1.1731,1.5438,0.9941,1.9853,0.975
2023-10-26,1.1957,1.083,1.8975,1.1315,1.4796,1.1516,1.5622,1.0243,1.9559,0.9859
2023-10-27,1.1897,1.073,1.8566,1.1057,1.4396,1.1349,1.5723,1.009,2.0038,0.9694
2023-10-30,1.1999,1.0936,1.8637,1.1297,1.4519,1.1609,1.5758,1.0024,2.031,0.9751
2023-10-31,1.2166,1.0979,1.8608,1.1405,1.4499,1.1565,1.567,1.025,2.0546,0.9844
2023-11-01,1.2246,1.0921,1.8475,1.1459,1.4664,1.1593,1.5402,1.0317,2.1356,0.9916
2023-11-02,1.2491,1.1312,1.9103,1.1886,1.4812,1.1791,1.5715,1.0697,2.1875,1.0137
2023-11-03,1.2623,1.1437,1.8907,1.223,1.4835,1.1923,1.6015,1.0906,2.2375,1.0272
2023-11-06,1.2469,1.1456,1.8683,1.2158,1.4848,1.1917,1.5902,1.0739,2.2451,1.0295
2023-11-07,1.25,1.1528,1.8155,1.2109,1.4814,1.1848,1.5681,1.0707,2.2823,1.0239
2023-11-08,1.2581,1.1518,1.8064,1.2101,1.4745,1.1877,1.5587,1.0761,2.2766,1.0179
2023-11-09,1.2604,1.1571,1.7998,1.1917,1.4358,1.1823,1.5408,1.0591,2.2727,1.0007
2023-11-10,1.2737,1.1581,1.8159,1.2073,1.4426,1.199,1.5614,1.062,2.3502,1.0046
2023-11-13,1.2731,1.1581,1.8319,1.2048,1.4469,1.2109,1.5573,1.058,2.3314,0.9884
2023-11-14,1.2849,1.1711,1.8397,1.2492,1.4516,1.239,1.6138,1.1185,2.3923,1.0263
2023-11-15,1.2923,1.1874,1.83,1.2655,1.4555,1.2534,1.623,1.129,2.3907,1.0235
2023-11-16,1.2936,1.1716,1.7937,1.2644,1.4614,1.2543,1.6258,1.1358,2.4408,1.0309
2023-11-17,1.2942,1.1629,1.8265,1.274,1.4585,1.2639,1.6335,1.131,2.4508,1.0334
2023-11-20,1.3079,1.1636,1.8276,1.2717,1.4681,1.2751,1.6398,1.1379,2.4843,1.0286
2023-11-21,1.3084,1.1647,1.8234,1.2614,1.4618,1.272,1.6477,1.1335,2.4468,1.0352
2023-11-22,1.3082,1.1684,1.817,1.2655,1.4679,1.2752,1.6506,1.1326,2.4577,1.0376
2023-11-24,1.3112,1.1715,1.8226,1.2704,1.4691,1.2812,1.6533,1.138,2.4515,1.0408
2023-11-27,1.3088,1.1697,1.8149,1.2647,1.4652,1.2793,1.6616,1.1501,2.4605,1.0432
2023-11-28,1.3059,1.1654,1.8176,1.2637,1.4574,1.2864,1.684,1.1601,2.4524,1.05
2023-11-29,1.3107,1.1606,1.8035,1.282,1.4695,1.2933,1.6962,1.176,2.4745,1.0464
2023-11-30,1.3227,1.1617,1.8034,1.295,1.4922,1.3098,1.717,1.1887,2.4464,1.0504
2023-12-01,1.3299,1.1676,1.8067,1.3162,1.5061,1.3279,1.7387,1.2096,2.4402,1.0639
2023-12-04,1.3344,1.1655,1.7942,1.3172,1.516,1.3361,1.7215,1.2187,2.395,1.0581
2023-12-05,1.3342,1.1605,1.7662,1.3039,1.5186,1.3254,1.7039,1.2132,2.4017,1.0536
2023-12-06,1.3334,1.1646,1.7373,1.2993,1.522,1.3332,1.6966,1.2125,2.3688,1.0751
2023-12-07,1.3319,1.1618,1.7315,1.3155,1.5149,1.3378,1.7063,1.2163,2.4584,1.0727
2023-12-08,1.3339,1.1634,1.7468,1.3352,1.5199,1.3506,1.6962,1.207,2.4776,1.0712
2023-12-11,1.335,1.1732,1.7535,1.3385,1.5382,1.3537,1.7064,1.2121,2.5349,1.076
2023-12-12,1.3459,1.1741,1.73,1.3471,1.5484,1.3571,1.6935,1.2101,2.5615,1.0713
2023-12-13,1.3653,1.1877,1.7521,1.3853,1.5777,1.3715,1.7442,1.2553,2.5748,1.1139
2023-12-14,1.3686,1.1832,1.8166,1.4493,1.5734,1.4117,1.7868,1.2835,2.5613,1.1085
2023-12-15,1.3541,1.1795,1.8086,1.4448,1.5591,1.4263,1.7911,1.2726,2.5884,1.0923
2023-12-18,1.3504,1.1819,1.8164,1.4296,1.5596,1.4177,1.7962,1.2625,2.6022,1.0907
2023-12-19,1.3545,1.1905,1.8441,1.4431,1.5657,1.4347,1.8153,1.2763,2.6236,1.0918
2023-12-20,1.3395,1.1663,1.8314,1.418,1.5483,1.4069,1.7953,1.2676,2.5625,1.0697
2023-12-21,1.3472,1.1751,1.8364,1.4339,1.5623,1.4228,1.811,1.2775,2.6142,1.0667
2023-12-22,1.3516,1.1487,1.8463,1.4318,1.5808,1.4248,1.8313,1.2823,2.6242,1.0697
2023-12-26,1.3522,1.1501,1.8627,1.4411,1.5814,1.4387,1.8407,1.2943,2.6775,1.0731
2023-12-27,1.3524,1.1486,1.8511,1.4429,1.5892,1.4417,1.8467,1.3038,2.6907,1.0711
2023-12-28,1.3585,1.1535,1.8223,1.448,1.5982,1.4422,1.8332,1.311,2.6978,1.0803
2023-12-29,1.359,1.1537,1.8158,1.4424,1.5974,1.4387,1.8239,1.2973,2.6878,1.0789
